伯恩利,布莱顿,20/07/26 23:01,"(""5'"", '第1角球', '布莱顿')","(""19'"", '第2角球', '布莱顿')","(""22'"", '第3角球', '布莱顿')","(""45+1'"", '第4角球', '布莱顿')","(""48'"", '第5角球', '布莱顿')","(""57'"", '第6角球', '伯恩利')","(""60'"", '第7角球', '布莱顿')","(""63'"", '第8角球', '伯恩利')","(""64'"", '第9角球', '伯恩利')","(""64'"", '第10角球', '伯恩利')","(""66'"", '第11角球', '伯恩利')","(""89'"", '第12角球', '布莱顿')","(""90+5'"", '第13角球', '伯恩利')"
西汉姆,阿斯顿维拉,20/07/26 23:01,"(""35'"", '第1角球', '阿斯顿维拉')","(""49'"", '第2角球', '阿斯顿维拉')","(""64'"", '第3角球', '阿斯顿维拉')","(""78'"", '第4角球', '阿斯顿维拉')","(""79'"", '第5角球', '阿斯顿维拉')","(""90+1'"", '第6角球', '阿斯顿维拉')","(""90+3'"", '第7角球', '阿斯顿维拉')"
莱斯特,曼联,20/07/26 23:00,"(""5'"", '第1角球', '曼联')","(""16'"", '第2角球', '曼联')","(""45+1'"", '第3角球', '曼联')","(""48'"", '第4角球', '莱斯特')","(""62'"", '第5角球', '莱斯特')","(""85'"", '第6角球', '莱斯特')"
切尔西,伍尔弗汉普顿,20/07/26 23:00,"(""5'"", '第1角球', '伍尔弗汉普顿')","(""17'"", '第2角球', '伍尔弗汉普顿')","(""43'"", '第3角球', '伍尔弗汉普顿')","(""44'"", '第4角球', '切尔西')","(""74'"", '第5角球', '切尔西')","(""89'"", '第6角球', '切尔西')"
曼城,诺维奇,20/07/26 23:00,"(""2'"", '第1角球', '曼城')","(""13'"", '第2角球', '曼城')","(""29'"", '第3角球', '曼城')","(""29'"", '第4角球', '曼城')","(""32'"", '第5角球', '曼城')","(""33'"", '第6角球', '曼城')","(""50'"", '第7角球', '曼城')","(""54'"", '第8角球', '曼城')","(""66'"", '第9角球', '曼城')"
纽卡斯尔,利物浦,20/07/26 23:00,"(""29'"", '第1角球', '利物浦')","(""32'"", '第2角球', '纽卡斯尔')","(""33'"", '第3角球', '纽卡斯尔')","(""47'"", '第4角球', '利物浦')","(""72'"", '第5角球', '利物浦')","(""76'"", '第6角球', '利物浦')"
阿森纳,沃特福德,20/07/26 23:00,"(""10'"", '第1角球', '沃特福德')","(""15'"", '第2角球', '沃特福德')","(""17'"", '第3角球', '沃特福德')","(""21'"", '第4角球', '沃特福德')","(""36'"", '第5角球', '阿森纳')","(""45+4'"", '第6角球', '沃特福德')","(""53'"", '第7角球', '阿森纳')","(""54'"", '第8角球', '沃特福德')","(""62'"", '第9角球', '阿森纳')","(""68'"", '第10角球', '沃特福德')","(""76'"", '第11角球', '阿森纳')","(""81'"", '第12角球', '沃特福德')"
水晶宫,托特纳姆热刺,20/07/26 23:00,"(""15'"", '第1角球', '水晶宫')","(""21'"", '第2角球', '水晶宫')","(""23'"", '第3角球', '水晶宫')","(""26'"", '第4角球', '水晶宫')","(""36'"", '第5角球', '水晶宫')","(""47'"", '第6角球', '托特纳姆热刺')","(""52'"", '第7角球', '水晶宫')","(""56'"", '第8角球', '水晶宫')","(""65'"", '第9角球', '托特纳姆热刺')"
埃弗顿,伯恩茅斯,20/07/26 23:00,"(""3'"", '第1角球', '伯恩茅斯')","(""5'"", '第2角球', '伯恩茅斯')","(""15'"", '第3角球', '伯恩茅斯')","(""16'"", '第4角球', '伯恩茅斯')","(""47'"", '第5角球', '埃弗顿')","(""86'"", '第6角球', '埃弗顿')","(""90'"", '第7角球', '伯恩茅斯')"
南安普顿,谢菲尔德联,20/07/26 23:00,"(""34'"", '第1角球', '南安普顿')","(""42'"", '第2角球', '南安普顿')","(""45+3'"", '第3角球', '南安普顿')","(""52'"", '第4角球', '谢菲尔德联')","(""53'"", '第5角球', '南安普顿')","(""63'"", '第6角球', '南安普顿')","(""77'"", '第7角球', '南安普顿')","(""86'"", '第8角球', '南安普顿')","(""87'"", '第9角球', '南安普顿')","(""87'"", '第10角球', '南安普顿')"
利物浦,切尔西,20/07/23 03:15,"(""31'"", '第1角球', '利物浦')","(""43'"", '第2角球', '利物浦')","(""53'"", '第3角球', '利物浦')","(""58'"", '第4角球', '利物浦')","(""76'"", '第5角球', '利物浦')","(""77'"", '第6角球', '利物浦')"
曼联,西汉姆,20/07/23 01:00,"(""21'"", '第1角球', '西汉姆')","(""31'"", '第2角球', '西汉姆')","(""54'"", '第3角球', '曼联')","(""62'"", '第4角球', '西汉姆')","(""63'"", '第5角球', '曼联')"
阿斯顿维拉,阿森纳,20/07/22 03:15,"(""9'"", '第1角球', '阿森纳')","(""19'"", '第2角球', '阿森纳')","(""20'"", '第3角球', '阿森纳')","(""21'"", '第4角球', '阿森纳')","(""27'"", '第5角球', '阿斯顿维拉')","(""38'"", '第6角球', '阿森纳')","(""41'"", '第7角球', '阿斯顿维拉')","(""42'"", '第8角球', '阿斯顿维拉')","(""44'"", '第9角球', '阿森纳')","(""47'"", '第10角球', '阿斯顿维拉')","(""49'"", '第11角球', '阿斯顿维拉')","(""49'"", '第12角球', '阿斯顿维拉')","(""55'"", '第13角球', '阿森纳')","(""56'"", '第14角球', '阿斯顿维拉')","(""57'"", '第15角球', '阿斯顿维拉')","(""77'"", '第16角球', '阿森纳')","(""88'"", '第17角球', '阿森纳')"
沃特福德,曼城,20/07/22 01:00,"(""12'"", '第1角球', '曼城')","(""15'"", '第2角球', '曼城')","(""18'"", '第3角球', '曼城')","(""22'"", '第4角球', '曼城')","(""26'"", '第5角球', '曼城')","(""28'"", '第6角球', '曼城')","(""36'"", '第7角球', '曼城')","(""62'"", '第8角球', '曼城')"
伍尔弗汉普顿,水晶宫,20/07/21 03:15,"(""6'"", '第1角球', '伍尔弗汉普顿')","(""16'"", '第2角球', '水晶宫')","(""45+1'"", '第3角球', '水晶宫')","(""49'"", '第4角球', '伍尔弗汉普顿')","(""60'"", '第5角球', '伍尔弗汉普顿')","(""61'"", '第6角球', '伍尔弗汉普顿')","(""85'"", '第7角球', '伍尔弗汉普顿')"
谢菲尔德联,埃弗顿,20/07/21 01:00,"(""13'"", '第1角球', '谢菲尔德联')","(""14'"", '第2角球', '谢菲尔德联')","(""31'"", '第3角球', '谢菲尔德联')","(""35'"", '第4角球', '谢菲尔德联')","(""37'"", '第5角球', '谢菲尔德联')","(""43'"", '第6角球', '埃弗顿')","(""71'"", '第7角球', '谢菲尔德联')","(""76'"", '第8角球', '谢菲尔德联')"
布莱顿,纽卡斯尔,20/07/21 01:00,"(""3'"", '第1角球', '布莱顿')","(""21'"", '第2角球', '布莱顿')","(""28'"", '第3角球', '布莱顿')","(""32'"", '第4角球', '布莱顿')","(""45+2'"", '第5角球', '纽卡斯尔')","(""45+3'"", '第6角球', '纽卡斯尔')","(""45+4'"", '第7角球', '布莱顿')","(""51'"", '第8角球', '纽卡斯尔')","(""51'"", '第9角球', '纽卡斯尔')","(""64'"", '第10角球', '布莱顿')","(""73'"", '第11角球', '布莱顿')","(""75'"", '第12角球', '布莱顿')","(""76'"", '第13角球', '布莱顿')","(""85'"", '第14角球', '纽卡斯尔')","(""90+1'"", '第15角球', '纽卡斯尔')","(""90+2'"", '第16角球', '纽卡斯尔')"
托特纳姆热刺,莱斯特,20/07/19 23:00,"(""19'"", '第1角球', '莱斯特')","(""20'"", '第2角球', '莱斯特')","(""21'"", '第3角球', '莱斯特')","(""25'"", '第4角球', '莱斯特')","(""26'"", '第5角球', '托特纳姆热刺')","(""31'"", '第6角球', '托特纳姆热刺')","(""31'"", '第7角球', '托特纳姆热刺')","(""37'"", '第8角球', '莱斯特')","(""43'"", '第9角球', '莱斯特')","(""54'"", '第10角球', '托特纳姆热刺')","(""56'"", '第11角球', '莱斯特')","(""58'"", '第12角球', '莱斯特')","(""59'"", '第13角球', '莱斯特')","(""63'"", '第14角球', '莱斯特')","(""68'"", '第15角球', '莱斯特')","(""72'"", '第16角球', '莱斯特')","(""88'"", '第17角球', '莱斯特')"
伯恩茅斯,南安普顿,20/07/19 21:00,"(""2'"", '第1角球', '南安普顿')","(""7'"", '第2角球', '伯恩茅斯')","(""9'"", '第3角球', '伯恩茅斯')","(""10'"", '第4角球', '伯恩茅斯')","(""25'"", '第5角球', '伯恩茅斯')","(""32'"", '第6角球', '伯恩茅斯')","(""33'"", '第7角球', '伯恩茅斯')","(""38'"", '第8角球', '南安普顿')","(""50'"", '第9角球', '南安普顿')","(""55'"", '第10角球', '南安普顿')","(""61'"", '第11角球', '伯恩茅斯')","(""67'"", '第12角球', '伯恩茅斯')","(""75'"", '第13角球', '伯恩茅斯')","(""79'"", '第14角球', '伯恩茅斯')","(""80'"", '第15角球', '南安普顿')","(""83'"", '第16角球', '南安普顿')","(""86'"", '第17角球', '伯恩茅斯')","(""90+1'"", '第18角球', '伯恩茅斯')"
诺维奇,伯恩利,20/07/19 00:30,"(""1'"", '第1角球', '诺维奇')","(""9'"", '第2角球', '诺维奇')","(""11'"", '第3角球', '诺维奇')","(""19'"", '第4角球', '诺维奇')","(""20'"", '第5角球', '诺维奇')","(""24'"", '第6角球', '伯恩利')","(""40'"", '第7角球', '伯恩利')","(""42'"", '第8角球', '伯恩利')","(""48'"", '第9角球', '伯恩利')","(""66'"", '第10角球', '伯恩利')","(""66'"", '第11角球', '伯恩利')","(""75'"", '第12角球', '伯恩利')","(""85'"", '第13角球', '诺维奇')","(""90+2'"", '第14角球', '伯恩利')"
西汉姆,沃特福德,20/07/18 03:00,"(""8'"", '第1角球', '沃特福德')","(""30'"", '第2角球', '西汉姆')","(""36'"", '第3角球', '西汉姆')","(""48'"", '第4角球', '沃特福德')","(""50'"", '第5角球', '西汉姆')","(""51'"", '第6角球', '西汉姆')","(""52'"", '第7角球', '西汉姆')","(""61'"", '第8角球', '沃特福德')","(""70'"", '第9角球', '西汉姆')","(""70'"", '第10角球', '西汉姆')","(""74'"", '第11角球', '西汉姆')","(""85'"", '第12角球', '西汉姆')"
水晶宫,曼联,20/07/17 03:16,"(""11'"", '第1角球', '曼联')","(""12'"", '第2角球', '曼联')","(""35'"", '第3角球', '曼联')","(""39'"", '第4角球', '曼联')","(""45+4'"", '第5角球', '水晶宫')","(""49'"", '第6角球', '曼联')","(""49'"", '第7角球', '曼联')","(""90'"", '第8角球', '水晶宫')","(""90+3'"", '第9角球', '曼联')"
南安普顿,布莱顿,20/07/17 03:15,"(""26'"", '第1角球', '布莱顿')","(""40'"", '第2角球', '南安普顿')","(""40'"", '第3角球', '南安普顿')","(""41'"", '第4角球', '南安普顿')","(""41'"", '第5角球', '南安普顿')","(""45'"", '第6角球', '布莱顿')","(""63'"", '第7角球', '南安普顿')","(""73'"", '第8角球', '南安普顿')","(""79'"", '第9角球', '南安普顿')","(""81'"", '第10角球', '南安普顿')"
莱斯特,谢菲尔德联,20/07/17 01:00,"(""3'"", '第1角球', '莱斯特')","(""4'"", '第2角球', '莱斯特')","(""13'"", '第3角球', '谢菲尔德联')","(""17'"", '第4角球', '莱斯特')","(""24'"", '第5角球', '莱斯特')","(""39'"", '第6角球', '莱斯特')","(""59'"", '第7角球', '莱斯特')","(""62'"", '第8角球', '莱斯特')","(""63'"", '第9角球', '谢菲尔德联')","(""64'"", '第10角球', '谢菲尔德联')","(""64'"", '第11角球', '谢菲尔德联')","(""75'"", '第12角球', '莱斯特')","(""82'"", '第13角球', '莱斯特')","(""90'"", '第14角球', '谢菲尔德联')"
埃弗顿,阿斯顿维拉,20/07/17 01:00,"(""8'"", '第1角球', '埃弗顿')","(""36'"", '第2角球', '阿斯顿维拉')","(""36'"", '第3角球', '阿斯顿维拉')","(""36'"", '第4角球', '阿斯顿维拉')","(""38'"", '第5角球', '埃弗顿')","(""82'"", '第6角球', '埃弗顿')","(""89'"", '第7角球', '阿斯顿维拉')","(""89'"", '第8角球', '阿斯顿维拉')","(""90+1'"", '第9角球', '埃弗顿')","(""90+3'"", '第10角球', '埃弗顿')"
阿森纳,利物浦,20/07/16 03:15,"(""6'"", '第1角球', '阿森纳')","(""10'"", '第2角球', '利物浦')","(""22'"", '第3角球', '利物浦')","(""24'"", '第4角球', '利物浦')","(""39'"", '第5角球', '利物浦')","(""50'"", '第6角球', '利物浦')","(""52'"", '第7角球', '利物浦')","(""55'"", '第8角球', '利物浦')","(""65'"", '第9角球', '利物浦')","(""67'"", '第10角球', '利物浦')","(""75'"", '第11角球', '利物浦')","(""87'"", '第12角球', '阿森纳')","(""90+5'"", '第13角球', '利物浦')","(""90+5'"", '第14角球', '利物浦')","(""90+6'"", '第15角球', '利物浦')"
伯恩利,伍尔弗汉普顿,20/07/16 01:01,"(""2'"", '第1角球', '伍尔弗汉普顿')","(""9'"", '第2角球', '伍尔弗汉普顿')","(""12'"", '第3角球', '伍尔弗汉普顿')","(""22'"", '第4角球', '伍尔弗汉普顿')","(""23'"", '第5角球', '伍尔弗汉普顿')","(""24'"", '第6角球', '伯恩利')","(""39'"", '第7角球', '伍尔弗汉普顿')","(""45'"", '第8角球', '伍尔弗汉普顿')","(""45+1'"", '第9角球', '伯恩利')","(""45+2'"", '第10角球', '伍尔弗汉普顿')","(""57'"", '第11角球', '伯恩利')"
曼城,伯恩茅斯,20/07/16 01:00,"(""24'"", '第1角球', '曼城')","(""34'"", '第2角球', '伯恩茅斯')","(""37'"", '第3角球', '伯恩茅斯')","(""48'"", '第4角球', '伯恩茅斯')","(""54'"", '第5角球', '曼城')","(""64'"", '第6角球', '伯恩茅斯')","(""65'"", '第7角球', '伯恩茅斯')","(""80'"", '第8角球', '曼城')"
纽卡斯尔,托特纳姆热刺,20/07/16 01:00,"(""6'"", '第1角球', '纽卡斯尔')","(""8'"", '第2角球', '托特纳姆热刺')","(""11'"", '第3角球', '纽卡斯尔')","(""23'"", '第4角球', '托特纳姆热刺')","(""29'"", '第5角球', '托特纳姆热刺')","(""39'"", '第6角球', '纽卡斯尔')","(""40'"", '第7角球', '纽卡斯尔')","(""47'"", '第8角球', '托特纳姆热刺')","(""70'"", '第9角球', '纽卡斯尔')"
切尔西,诺维奇,20/07/15 03:15,"(""6'"", '第1角球', '切尔西')","(""35'"", '第2角球', '切尔西')","(""37'"", '第3角球', '切尔西')","(""38'"", '第4角球', '切尔西')","(""40'"", '第5角球', '切尔西')","(""47'"", '第6角球', '切尔西')","(""53'"", '第7角球', '切尔西')","(""63'"", '第8角球', '诺维奇')","(""90+4'"", '第9角球', '切尔西')"
曼联,南安普顿,20/07/14 03:01,"(""45+1'"", '第1角球', '南安普顿')","(""45+1'"", '第2角球', '南安普顿')","(""53'"", '第3角球', '曼联')","(""54'"", '第4角球', '曼联')","(""69'"", '第5角球', '曼联')","(""74'"", '第6角球', '曼联')","(""75'"", '第7角球', '南安普顿')","(""86'"", '第8角球', '南安普顿')","(""87'"", '第9角球', '南安普顿')","(""90+6'"", '第10角球', '南安普顿')"
伯恩茅斯,莱斯特,20/07/13 02:01,"(""9'"", '第1角球', '莱斯特')","(""40'"", '第2角球', '莱斯特')","(""45+1'"", '第3角球', '伯恩茅斯')","(""45+2'"", '第4角球', '莱斯特')","(""45+3'"", '第5角球', '莱斯特')","(""45+4'"", '第6角球', '莱斯特')","(""78'"", '第7角球', '伯恩茅斯')","(""90+7'"", '第8角球', '莱斯特')"
托特纳姆热刺,阿森纳,20/07/12 23:30,"(""9'"", '第1角球', '阿森纳')","(""28'"", '第2角球', '阿森纳')","(""30'"", '第3角球', '托特纳姆热刺')","(""44'"", '第4角球', '托特纳姆热刺')","(""50'"", '第5角球', '托特纳姆热刺')","(""55'"", '第6角球', '阿森纳')","(""80'"", '第7角球', '阿森纳')","(""80'"", '第8角球', '阿森纳')","(""81'"", '第9角球', '托特纳姆热刺')","(""86'"", '第10角球', '托特纳姆热刺')","(""88'"", '第11角球', '托特纳姆热刺')"
阿斯顿维拉,水晶宫,20/07/12 21:17,"(""4'"", '第1角球', '阿斯顿维拉')","(""39'"", '第2角球', '阿斯顿维拉')","(""56'"", '第3角球', '水晶宫')","(""58'"", '第4角球', '阿斯顿维拉')","(""63'"", '第5角球', '阿斯顿维拉')","(""81'"", '第6角球', '阿斯顿维拉')"
伍尔弗汉普顿,埃弗顿,20/07/12 19:00,"(""12'"", '第1角球', '伍尔弗汉普顿')","(""26'"", '第2角球', '伍尔弗汉普顿')","(""28'"", '第3角球', '伍尔弗汉普顿')","(""60'"", '第4角球', '伍尔弗汉普顿')","(""64'"", '第5角球', '埃弗顿')","(""65'"", '第6角球', '伍尔弗汉普顿')","(""67'"", '第7角球', '埃弗顿')"
布莱顿,曼城,20/07/12 03:00,"(""4'"", '第1角球', '布莱顿')","(""8'"", '第2角球', '曼城')","(""11'"", '第3角球', '曼城')","(""16'"", '第4角球', '布莱顿')","(""17'"", '第5角球', '曼城')","(""29'"", '第6角球', '曼城')","(""36'"", '第7角球', '曼城')","(""44'"", '第8角球', '曼城')","(""86'"", '第9角球', '曼城')"
谢菲尔德联,切尔西,20/07/12 00:31,"(""1'"", '第1角球', '谢菲尔德联')","(""5'"", '第2角球', '谢菲尔德联')","(""45+3'"", '第3角球', '切尔西')","(""53'"", '第4角球', '谢菲尔德联')","(""57'"", '第5角球', '切尔西')","(""59'"", '第6角球', '切尔西')","(""70'"", '第7角球', '谢菲尔德联')","(""73'"", '第8角球', '切尔西')","(""83'"", '第9角球', '切尔西')","(""90+1'"", '第10角球', '切尔西')"
利物浦,伯恩利,20/07/11 22:00,"(""6'"", '第1角球', '利物浦')","(""13'"", '第2角球', '利物浦')","(""18'"", '第3角球', '利物浦')","(""21'"", '第4角球', '利物浦')","(""27'"", '第5角球', '伯恩利')","(""28'"", '第6角球', '伯恩利')","(""33'"", '第7角球', '利物浦')","(""40'"", '第8角球', '伯恩利')","(""41'"", '第9角球', '伯恩利')","(""45'"", '第10角球', '利物浦')","(""47'"", '第11角球', '利物浦')","(""61'"", '第12角球', '利物浦')","(""61'"", '第13角球', '利物浦')","(""61'"", '第14角球', '利物浦')","(""67'"", '第15角球', '利物浦')","(""86'"", '第16角球', '伯恩利')","(""87'"", '第17角球', '伯恩利')"
沃特福德,纽卡斯尔,20/07/11 19:30,"(""11'"", '第1角球', '纽卡斯尔')","(""23'"", '第2角球', '纽卡斯尔')","(""29'"", '第3角球', '纽卡斯尔')","(""30'"", '第4角球', '纽卡斯尔')","(""61'"", '第5角球', '沃特福德')","(""74'"", '第6角球', '沃特福德')"
诺维奇,西汉姆,20/07/11 19:30,"(""11'"", '第1角球', '西汉姆')","(""11'"", '第2角球', '西汉姆')","(""42'"", '第3角球', '西汉姆')","(""42'"", '第4角球', '西汉姆')","(""46'"", '第5角球', '西汉姆')","(""47'"", '第6角球', '西汉姆')","(""49'"", '第7角球', '诺维奇')"
阿斯顿维拉,曼联,20/07/10 03:15,"(""8'"", '第1角球', '阿斯顿维拉')","(""18'"", '第2角球', '阿斯顿维拉')","(""30'"", '第3角球', '曼联')","(""52'"", '第4角球', '曼联')","(""57'"", '第5角球', '曼联')","(""76'"", '第6角球', '曼联')","(""83'"", '第7角球', '阿斯顿维拉')","(""90'"", '第8角球', '曼联')"
埃弗顿,南安普顿,20/07/10 01:00,"(""2'"", '第1角球', '埃弗顿')","(""5'"", '第2角球', '南安普顿')","(""22'"", '第3角球', '埃弗顿')","(""26'"", '第4角球', '南安普顿')","(""49'"", '第5角球', '南安普顿')","(""50'"", '第6角球', '南安普顿')","(""58'"", '第7角球', '南安普顿')","(""67'"", '第8角球', '埃弗顿')"
伯恩茅斯,托特纳姆热刺,20/07/10 01:00,"(""4'"", '第1角球', '托特纳姆热刺')","(""4'"", '第2角球', '托特纳姆热刺')","(""11'"", '第3角球', '伯恩茅斯')","(""19'"", '第4角球', '伯恩茅斯')","(""22'"", '第5角球', '伯恩茅斯')","(""22'"", '第6角球', '伯恩茅斯')","(""28'"", '第7角球', '托特纳姆热刺')","(""29'"", '第8角球', '托特纳姆热刺')","(""36'"", '第9角球', '伯恩茅斯')","(""38'"", '第10角球', '托特纳姆热刺')","(""45+1'"", '第11角球', '伯恩茅斯')","(""70'"", '第12角球', '托特纳姆热刺')","(""71'"", '第13角球', '伯恩茅斯')","(""81'"", '第14角球', '托特纳姆热刺')","(""82'"", '第15角球', '托特纳姆热刺')","(""83'"", '第16角球', '托特纳姆热刺')","(""83'"", '第17角球', '托特纳姆热刺')","(""84'"", '第18角球', '托特纳姆热刺')","(""90+3'"", '第19角球', '伯恩茅斯')","(""90+8'"", '第20角球', '托特纳姆热刺')"
布莱顿,利物浦,20/07/09 03:15,"(""5'"", '第1角球', '利物浦')","(""20'"", '第2角球', '布莱顿')","(""27'"", '第3角球', '利物浦')","(""28'"", '第4角球', '布莱顿')","(""37'"", '第5角球', '布莱顿')","(""45+2'"", '第6角球', '利物浦')","(""57'"", '第7角球', '利物浦')","(""60'"", '第8角球', '布莱顿')","(""64'"", '第9角球', '利物浦')","(""66'"", '第10角球', '利物浦')","(""74'"", '第11角球', '布莱顿')","(""76'"", '第12角球', '利物浦')","(""81'"", '第13角球', '布莱顿')","(""83'"", '第14角球', '利物浦')","(""90+5'"", '第15角球', '利物浦')","(""90+6'"", '第16角球', '利物浦')"
谢菲尔德联,伍尔弗汉普顿,20/07/09 01:01,"(""8'"", '第1角球', '谢菲尔德联')","(""15'"", '第2角球', '伍尔弗汉普顿')","(""45'"", '第3角球', '谢菲尔德联')","(""45+1'"", '第4角球', '谢菲尔德联')","(""82'"", '第5角球', '谢菲尔德联')","(""90+2'"", '第6角球', '谢菲尔德联')","(""90+3'"", '第7角球', '谢菲尔德联')"
西汉姆,伯恩利,20/07/09 01:00,"(""29'"", '第1角球', '西汉姆')","(""42'"", '第2角球', '西汉姆')","(""44'"", '第3角球', '西汉姆')","(""49'"", '第4角球', '伯恩利')","(""49'"", '第5角球', '伯恩利')","(""59'"", '第6角球', '西汉姆')","(""62'"", '第7角球', '西汉姆')","(""63'"", '第8角球', '西汉姆')","(""64'"", '第9角球', '西汉姆')","(""68'"", '第10角球', '伯恩利')","(""72'"", '第11角球', '西汉姆')","(""90+2'"", '第12角球', '西汉姆')","(""90+2'"", '第13角球', '西汉姆')"
曼城,纽卡斯尔,20/07/09 01:00,"(""6'"", '第1角球', '曼城')","(""22'"", '第2角球', '曼城')","(""23'"", '第3角球', '曼城')","(""34'"", '第4角球', '纽卡斯尔')","(""36'"", '第5角球', '曼城')","(""43'"", '第6角球', '曼城')","(""45'"", '第7角球', '曼城')","(""51'"", '第8角球', '曼城')","(""75'"", '第9角球', '曼城')"
阿森纳,莱斯特,20/07/08 03:15,"(""12'"", '第1角球', '莱斯特')","(""18'"", '第2角球', '阿森纳')","(""21'"", '第3角球', '阿森纳')","(""26'"", '第4角球', '阿森纳')","(""30'"", '第5角球', '阿森纳')","(""31'"", '第6角球', '阿森纳')","(""33'"", '第7角球', '阿森纳')","(""34'"", '第8角球', '阿森纳')","(""52'"", '第9角球', '阿森纳')","(""53'"", '第10角球', '阿森纳')","(""68'"", '第11角球', '阿森纳')"
水晶宫,切尔西,20/07/08 01:00,"(""10'"", '第1角球', '切尔西')","(""12'"", '第2角球', '水晶宫')","(""14'"", '第3角球', '切尔西')","(""14'"", '第4角球', '切尔西')","(""15'"", '第5角球', '水晶宫')","(""20'"", '第6角球', '切尔西')","(""30'"", '第7角球', '切尔西')","(""32'"", '第8角球', '切尔西')","(""36'"", '第9角球', '切尔西')","(""40'"", '第10角球', '水晶宫')","(""63'"", '第11角球', '水晶宫')","(""64'"", '第12角球', '水晶宫')","(""75'"", '第13角球', '切尔西')","(""86'"", '第14角球', '切尔西')","(""90+2'"", '第15角球', '水晶宫')","(""90+6'"", '第16角球', '水晶宫')"
沃特福德,诺维奇,20/07/08 01:00,"(""3'"", '第1角球', '诺维奇')","(""23'"", '第2角球', '沃特福德')","(""28'"", '第3角球', '沃特福德')","(""29'"", '第4角球', '诺维奇')","(""33'"", '第5角球', '沃特福德')","(""58'"", '第6角球', '诺维奇')","(""90+3'"", '第7角球', '沃特福德')"
托特纳姆热刺,埃弗顿,20/07/07 03:00,"(""3'"", '第1角球', '托特纳姆热刺')","(""33'"", '第2角球', '埃弗顿')","(""33'"", '第3角球', '埃弗顿')","(""37'"", '第4角球', '托特纳姆热刺')","(""38'"", '第5角球', '托特纳姆热刺')","(""40'"", '第6角球', '埃弗顿')","(""41'"", '第7角球', '埃弗顿')","(""43'"", '第8角球', '托特纳姆热刺')","(""44'"", '第9角球', '托特纳姆热刺')","(""75'"", '第10角球', '埃弗顿')","(""89'"", '第11角球', '埃弗顿')"
南安普顿,曼城,20/07/06 02:00,"(""8'"", '第1角球', '南安普顿')","(""9'"", '第2角球', '南安普顿')","(""21'"", '第3角球', '曼城')","(""27'"", '第4角球', '曼城')","(""48'"", '第5角球', '曼城')","(""49'"", '第6角球', '曼城')","(""51'"", '第7角球', '曼城')","(""56'"", '第8角球', '曼城')","(""65'"", '第9角球', '曼城')","(""65'"", '第10角球', '曼城')","(""66'"", '第11角球', '曼城')","(""82'"", '第12角球', '曼城')","(""82'"", '第13角球', '曼城')","(""90+1'"", '第14角球', '曼城')","(""90+5'"", '第15角球', '曼城')"
利物浦,阿斯顿维拉,20/07/05 23:30,"(""3'"", '第1角球', '阿斯顿维拉')","(""19'"", '第2角球', '利物浦')","(""28'"", '第3角球', '利物浦')","(""40'"", '第4角球', '阿斯顿维拉')","(""43'"", '第5角球', '利物浦')","(""52'"", '第6角球', '阿斯顿维拉')","(""60'"", '第7角球', '利物浦')","(""65'"", '第8角球', '利物浦')","(""76'"", '第9角球', '利物浦')","(""83'"", '第10角球', '阿斯顿维拉')","(""88'"", '第11角球', '利物浦')","(""90+1'"", '第12角球', '阿斯顿维拉')"
纽卡斯尔,西汉姆,20/07/05 21:15,"(""13'"", '第1角球', '纽卡斯尔')","(""19'"", '第2角球', '纽卡斯尔')","(""20'"", '第3角球', '纽卡斯尔')","(""28'"", '第4角球', '纽卡斯尔')","(""38'"", '第5角球', '西汉姆')","(""47'"", '第6角球', '纽卡斯尔')","(""62'"", '第7角球', '纽卡斯尔')","(""65'"", '第8角球', '西汉姆')","(""85'"", '第9角球', '西汉姆')","(""89'"", '第10角球', '西汉姆')"
伯恩利,谢菲尔德联,20/07/05 19:00,"(""6'"", '第1角球', '谢菲尔德联')","(""11'"", '第2角球', '谢菲尔德联')","(""11'"", '第3角球', '谢菲尔德联')","(""17'"", '第4角球', '谢菲尔德联')","(""23'"", '第5角球', '谢菲尔德联')","(""35'"", '第6角球', '谢菲尔德联')","(""62'"", '第7角球', '谢菲尔德联')","(""80'"", '第8角球', '谢菲尔德联')","(""83'"", '第9角球', '伯恩利')","(""84'"", '第10角球', '伯恩利')","(""90'"", '第11角球', '谢菲尔德联')","(""90+2'"", '第12角球', '伯恩利')"
切尔西,沃特福德,20/07/05 03:00,"(""8'"", '第1角球', '切尔西')","(""36'"", '第2角球', '沃特福德')","(""39'"", '第3角球', '切尔西')","(""45'"", '第4角球', '沃特福德')","(""56'"", '第5角球', '切尔西')","(""59'"", '第6角球', '切尔西')","(""68'"", '第7角球', '切尔西')","(""72'"", '第8角球', '沃特福德')"
伍尔弗汉普顿,阿森纳,20/07/05 00:30,"(""26'"", '第1角球', '阿森纳')","(""35'"", '第2角球', '阿森纳')","(""40'"", '第3角球', '伍尔弗汉普顿')","(""54'"", '第4角球', '伍尔弗汉普顿')","(""74'"", '第5角球', '伍尔弗汉普顿')","(""88'"", '第6角球', '阿森纳')","(""89'"", '第7角球', '阿森纳')","(""90'"", '第8角球', '阿森纳')"
莱斯特,水晶宫,20/07/04 22:01,"(""17'"", '第1角球', '莱斯特')","(""18'"", '第2角球', '莱斯特')","(""26'"", '第3角球', '莱斯特')","(""39'"", '第4角球', '水晶宫')","(""59'"", '第5角球', '水晶宫')","(""65'"", '第6角球', '水晶宫')","(""65'"", '第7角球', '水晶宫')","(""66'"", '第8角球', '水晶宫')","(""76'"", '第9角球', '水晶宫')","(""90+1'"", '第10角球', '水晶宫')"
曼联,伯恩茅斯,20/07/04 22:01,"(""19'"", '第1角球', '曼联')","(""21'"", '第2角球', '曼联')","(""33'"", '第3角球', '曼联')","(""42'"", '第4角球', '伯恩茅斯')","(""62'"", '第5角球', '伯恩茅斯')","(""73'"", '第6角球', '曼联')","(""76'"", '第7角球', '伯恩茅斯')","(""80'"", '第8角球', '曼联')","(""86'"", '第9角球', '曼联')","(""90+2'"", '第10角球', '曼联')","(""90+5'"", '第11角球', '曼联')"
诺维奇,布莱顿,20/07/04 19:31,"(""52'"", '第1角球', '布莱顿')","(""60'"", '第2角球', '布莱顿')"
曼城,利物浦,20/07/03 03:15,"(""48'"", '第1角球', '曼城')","(""51'"", '第2角球', '曼城')","(""51'"", '第3角球', '曼城')","(""65'"", '第4角球', '利物浦')","(""88'"", '第5角球', '利物浦')","(""90+3'"", '第6角球', '利物浦')"
谢菲尔德联,托特纳姆热刺,20/07/03 01:00,"(""6'"", '第1角球', '托特纳姆热刺')","(""40'"", '第2角球', '托特纳姆热刺')","(""45'"", '第3角球', '托特纳姆热刺')","(""49'"", '第4角球', '托特纳姆热刺')","(""53'"", '第5角球', '谢菲尔德联')","(""86'"", '第6角球', '托特纳姆热刺')","(""86'"", '第7角球', '托特纳姆热刺')"
西汉姆,切尔西,20/07/02 03:15,"(""5'"", '第1角球', '切尔西')","(""34'"", '第2角球', '西汉姆')","(""45+2'"", '第3角球', '西汉姆')","(""77'"", '第4角球', '切尔西')","(""87'"", '第5角球', '切尔西')"
阿森纳,诺维奇,20/07/02 01:00,"(""28'"", '第1角球', '阿森纳')","(""31'"", '第2角球', '阿森纳')","(""39'"", '第3角球', '阿森纳')","(""45+2'"", '第4角球', '诺维奇')","(""45+2'"", '第5角球', '诺维奇')","(""80'"", '第6角球', '阿森纳')","(""82'"", '第7角球', '阿森纳')","(""86'"", '第8角球', '阿森纳')"
埃弗顿,莱斯特,20/07/02 01:00,"(""11'"", '第1角球', '莱斯特')","(""29'"", '第2角球', '埃弗顿')","(""34'"", '第3角球', '埃弗顿')","(""37'"", '第4角球', '莱斯特')","(""49'"", '第5角球', '埃弗顿')","(""63'"", '第6角球', '莱斯特')","(""85'"", '第7角球', '莱斯特')","(""90+2'"", '第8角球', '莱斯特')"
伯恩茅斯,纽卡斯尔,20/07/02 01:00,"(""11'"", '第1角球', '纽卡斯尔')","(""17'"", '第2角球', '伯恩茅斯')","(""52'"", '第3角球', '纽卡斯尔')","(""53'"", '第4角球', '伯恩茅斯')","(""73'"", '第5角球', '伯恩茅斯')","(""81'"", '第6角球', '伯恩茅斯')","(""84'"", '第7角球', '伯恩茅斯')","(""90+1'"", '第8角球', '伯恩茅斯')","(""90+2'"", '第9角球', '纽卡斯尔')"
布莱顿,曼联,20/07/01 03:17,"(""13'"", '第1角球', '曼联')","(""23'"", '第2角球', '曼联')","(""66'"", '第3角球', '曼联')","(""70'"", '第4角球', '布莱顿')","(""76'"", '第5角球', '布莱顿')","(""77'"", '第6角球', '布莱顿')","(""80'"", '第7角球', '曼联')","(""83'"", '第8角球', '曼联')","(""88'"", '第9角球', '布莱顿')"
水晶宫,伯恩利,20/06/30 03:00,"(""19'"", '第1角球', '伯恩利')","(""23'"", '第2角球', '水晶宫')","(""64'"", '第3角球', '水晶宫')","(""71'"", '第4角球', '水晶宫')","(""71'"", '第5角球', '水晶宫')","(""75'"", '第6角球', '水晶宫')","(""79'"", '第7角球', '水晶宫')","(""82'"", '第8角球', '水晶宫')","(""90'"", '第9角球', '水晶宫')","(""90+1'"", '第10角球', '水晶宫')"
沃特福德,南安普顿,20/06/28 23:30,"(""45+1'"", '第1角球', '南安普顿')","(""56'"", '第2角球', '沃特福德')","(""60'"", '第3角球', '沃特福德')","(""61'"", '第4角球', '沃特福德')","(""62'"", '第5角球', '沃特福德')","(""87'"", '第6角球', '南安普顿')","(""89'"", '第7角球', '南安普顿')","(""90+3'"", '第8角球', '沃特福德')"
阿斯顿维拉,伍尔弗汉普顿,20/06/27 19:33,"(""14'"", '第1角球', '阿斯顿维拉')","(""34'"", '第2角球', '伍尔弗汉普顿')","(""48'"", '第3角球', '阿斯顿维拉')","(""67'"", '第4角球', '伍尔弗汉普顿')"
切尔西,曼城,20/06/26 03:15,"(""5'"", '第1角球', '曼城')","(""12'"", '第2角球', '曼城')","(""13'"", '第3角球', '切尔西')","(""19'"", '第4角球', '曼城')","(""28'"", '第5角球', '切尔西')","(""33'"", '第6角球', '切尔西')","(""57'"", '第7角球', '切尔西')","(""62'"", '第8角球', '曼城')","(""64'"", '第9角球', '曼城')","(""67'"", '第10角球', '曼城')","(""86'"", '第11角球', '曼城')","(""90+3'"", '第12角球', '切尔西')"
伯恩利,沃特福德,20/06/26 01:01,"(""32'"", '第1角球', '沃特福德')","(""52'"", '第2角球', '沃特福德')","(""61'"", '第3角球', '沃特福德')","(""67'"", '第4角球', '沃特福德')","(""78'"", '第5角球', '沃特福德')","(""82'"", '第6角球', '伯恩利')","(""90'"", '第7角球', '沃特福德')","(""90+2'"", '第8角球', '沃特福德')"
南安普顿,阿森纳,20/06/26 01:00,"(""18'"", '第1角球', '阿森纳')","(""19'"", '第2角球', '阿森纳')","(""41'"", '第3角球', '南安普顿')","(""50'"", '第4角球', '南安普顿')","(""55'"", '第5角球', '阿森纳')","(""62'"", '第6角球', '南安普顿')","(""67'"", '第7角球', '南安普顿')","(""90+1'"", '第8角球', '阿森纳')","(""90+2'"", '第9角球', '阿森纳')","(""90+5'"", '第10角球', '阿森纳')"
利物浦,水晶宫,20/06/25 03:15,"(""21'"", '第1角球', '利物浦')","(""28'"", '第2角球', '利物浦')","(""89'"", '第3角球', '利物浦')","(""90'"", '第4角球', '利物浦')","(""90'"", '第5角球', '利物浦')","(""90+2'"", '第6角球', '利物浦')"
诺维奇,埃弗顿,20/06/25 01:00,"(""18'"", '第1角球', '诺维奇')","(""46'"", '第2角球', '埃弗顿')","(""49'"", '第3角球', '诺维奇')","(""55'"", '第4角球', '埃弗顿')","(""59'"", '第5角球', '埃弗顿')","(""60'"", '第6角球', '埃弗顿')","(""67'"", '第7角球', '诺维奇')","(""73'"", '第8角球', '诺维奇')","(""90'"", '第9角球', '诺维奇')","(""90+1'"", '第10角球', '诺维奇')","(""90+3'"", '第11角球', '埃弗顿')"
纽卡斯尔,阿斯顿维拉,20/06/25 01:00,"(""8'"", '第1角球', '阿斯顿维拉')","(""38'"", '第2角球', '纽卡斯尔')","(""45+2'"", '第3角球', '纽卡斯尔')","(""45+2'"", '第4角球', '纽卡斯尔')","(""52'"", '第5角球', '纽卡斯尔')","(""53'"", '第6角球', '阿斯顿维拉')","(""57'"", '第7角球', '纽卡斯尔')","(""61'"", '第8角球', '阿斯顿维拉')","(""75'"", '第9角球', '阿斯顿维拉')","(""81'"", '第10角球', '纽卡斯尔')","(""82'"", '第11角球', '阿斯顿维拉')","(""88'"", '第12角球', '阿斯顿维拉')","(""88'"", '第13角球', '阿斯顿维拉')","(""90+4'"", '第14角球', '阿斯顿维拉')","(""90+4'"", '第15角球', '阿斯顿维拉')"
伍尔弗汉普顿,伯恩茅斯,20/06/25 01:00,"(""3'"", '第1角球', '伯恩茅斯')","(""15'"", '第2角球', '伍尔弗汉普顿')","(""18'"", '第3角球', '伯恩茅斯')","(""31'"", '第4角球', '伍尔弗汉普顿')","(""50'"", '第5角球', '伯恩茅斯')","(""53'"", '第6角球', '伍尔弗汉普顿')","(""65'"", '第7角球', '伍尔弗汉普顿')","(""77'"", '第8角球', '伍尔弗汉普顿')","(""78'"", '第9角球', '伍尔弗汉普顿')","(""82'"", '第10角球', '伯恩茅斯')"
曼联,谢菲尔德联,20/06/25 01:00,"(""5'"", '第1角球', '曼联')","(""18'"", '第2角球', '曼联')","(""21'"", '第3角球', '曼联')","(""34'"", '第4角球', '谢菲尔德联')","(""37'"", '第5角球', '谢菲尔德联')","(""45+4'"", '第6角球', '谢菲尔德联')","(""50'"", '第7角球', '谢菲尔德联')","(""51'"", '第8角球', '曼联')","(""55'"", '第9角球', '曼联')","(""58'"", '第10角球', '曼联')","(""63'"", '第11角球', '曼联')","(""72'"", '第12角球', '谢菲尔德联')","(""84'"", '第13角球', '曼联')","(""89'"", '第14角球', '曼联')","(""89'"", '第15角球', '曼联')"
托特纳姆热刺,西汉姆,20/06/24 03:15,"(""4'"", '第1角球', '托特纳姆热刺')","(""6'"", '第2角球', '托特纳姆热刺')","(""13'"", '第3角球', '托特纳姆热刺')","(""23'"", '第4角球', '托特纳姆热刺')","(""32'"", '第5角球', '托特纳姆热刺')","(""37'"", '第6角球', '西汉姆')","(""42'"", '第7角球', '托特纳姆热刺')","(""42'"", '第8角球', '托特纳姆热刺')","(""43'"", '第9角球', '托特纳姆热刺')","(""58'"", '第10角球', '西汉姆')","(""64'"", '第11角球', '托特纳姆热刺')","(""76'"", '第12角球', '西汉姆')","(""85'"", '第13角球', '西汉姆')"
莱斯特,布莱顿,20/06/24 01:00,"(""2'"", '第1角球', '布莱顿')","(""25'"", '第2角球', '莱斯特')","(""27'"", '第3角球', '布莱顿')","(""44'"", '第4角球', '布莱顿')","(""44'"", '第5角球', '布莱顿')","(""45+4'"", '第6角球', '布莱顿')","(""64'"", '第7角球', '布莱顿')","(""65'"", '第8角球', '布莱顿')","(""73'"", '第9角球', '莱斯特')","(""75'"", '第10角球', '莱斯特')","(""79'"", '第11角球', '莱斯特')","(""87'"", '第12角球', '莱斯特')","(""90+1'"", '第13角球', '莱斯特')"
曼城,伯恩利,20/06/23 03:00,"(""23'"", '第1角球', '曼城')","(""31'"", '第2角球', '曼城')","(""51'"", '第3角球', '曼城')","(""66'"", '第4角球', '伯恩利')"
埃弗顿,利物浦,20/06/22 02:00,"(""49'"", '第1角球', '利物浦')","(""58'"", '第2角球', '利物浦')","(""60'"", '第3角球', '利物浦')","(""63'"", '第4角球', '利物浦')","(""80'"", '第5角球', '埃弗顿')","(""87'"", '第6角球', '利物浦')","(""90+2'"", '第7角球', '利物浦')"
阿斯顿维拉,切尔西,20/06/21 23:16,"(""8'"", '第1角球', '切尔西')","(""16'"", '第2角球', '阿斯顿维拉')","(""45+2'"", '第3角球', '切尔西')","(""45+2'"", '第4角球', '切尔西')","(""46'"", '第5角球', '切尔西')","(""49'"", '第6角球', '切尔西')","(""77'"", '第7角球', '切尔西')","(""83'"", '第8角球', '切尔西')","(""84'"", '第9角球', '切尔西')","(""85'"", '第10角球', '切尔西')","(""85'"", '第11角球', '切尔西')","(""89'"", '第12角球', '阿斯顿维拉')"
纽卡斯尔,谢菲尔德联,20/06/21 21:00,"(""6'"", '第1角球', '谢菲尔德联')","(""9'"", '第2角球', '谢菲尔德联')","(""10'"", '第3角球', '纽卡斯尔')","(""35'"", '第4角球', '纽卡斯尔')","(""40'"", '第5角球', '谢菲尔德联')","(""40'"", '第6角球', '谢菲尔德联')"
伯恩茅斯,水晶宫,20/06/21 02:46,"(""17'"", '第1角球', '伯恩茅斯')","(""35'"", '第2角球', '伯恩茅斯')","(""36'"", '第3角球', '伯恩茅斯')","(""37'"", '第4角球', '水晶宫')","(""42'"", '第5角球', '伯恩茅斯')","(""42'"", '第6角球', '伯恩茅斯')","(""45+1'"", '第7角球', '伯恩茅斯')","(""57'"", '第8角球', '伯恩茅斯')","(""59'"", '第9角球', '伯恩茅斯')","(""63'"", '第10角球', '伯恩茅斯')","(""72'"", '第11角球', '伯恩茅斯')","(""80'"", '第12角球', '水晶宫')","(""88'"", '第13角球', '水晶宫')","(""90+7'"", '第14角球', '伯恩茅斯')","(""90+8'"", '第15角球', '水晶宫')"
西汉姆,伍尔弗汉普顿,20/06/21 00:32,"(""8'"", '第1角球', '伍尔弗汉普顿')","(""9'"", '第2角球', '伍尔弗汉普顿')","(""13'"", '第3角球', '伍尔弗汉普顿')","(""15'"", '第4角球', '伍尔弗汉普顿')","(""21'"", '第5角球', '西汉姆')","(""33'"", '第6角球', '伍尔弗汉普顿')","(""37'"", '第7角球', '西汉姆')","(""70'"", '第8角球', '西汉姆')","(""75'"", '第9角球', '西汉姆')","(""76'"", '第10角球', '西汉姆')","(""79'"", '第11角球', '伍尔弗汉普顿')","(""80'"", '第12角球', '伍尔弗汉普顿')"
布莱顿,阿森纳,20/06/20 22:01,"(""2'"", '第1角球', '布莱顿')","(""11'"", '第2角球', '布莱顿')","(""13'"", '第3角球', '布莱顿')","(""14'"", '第4角球', '阿森纳')","(""25'"", '第5角球', '布莱顿')","(""41'"", '第6角球', '布莱顿')","(""45+3'"", '第7角球', '阿森纳')","(""56'"", '第8角球', '布莱顿')","(""56'"", '第9角球', '布莱顿')","(""63'"", '第10角球', '阿森纳')","(""65'"", '第11角球', '布莱顿')","(""66'"", '第12角球', '阿森纳')","(""74'"", '第13角球', '布莱顿')","(""79'"", '第14角球', '阿森纳')","(""83'"", '第15角球', '阿森纳')","(""84'"", '第16角球', '布莱顿')","(""90+2'"", '第17角球', '阿森纳')"
沃特福德,莱斯特,20/06/20 19:31,"(""2'"", '第1角球', '沃特福德')","(""11'"", '第2角球', '莱斯特')","(""17'"", '第3角球', '莱斯特')","(""36'"", '第4角球', '莱斯特')","(""45+1'"", '第5角球', '莱斯特')","(""63'"", '第6角球', '莱斯特')","(""75'"", '第7角球', '莱斯特')","(""81'"", '第8角球', '莱斯特')","(""90+3'"", '第9角球', '沃特福德')"
托特纳姆热刺,曼联,20/06/20 03:16,"(""6'"", '第1角球', '托特纳姆热刺')","(""19'"", '第2角球', '曼联')","(""19'"", '第3角球', '曼联')","(""30'"", '第4角球', '曼联')","(""32'"", '第5角球', '托特纳姆热刺')","(""34'"", '第6角球', '托特纳姆热刺')","(""43'"", '第7角球', '托特纳姆热刺')","(""45+2'"", '第8角球', '曼联')","(""62'"", '第9角球', '托特纳姆热刺')","(""64'"", '第10角球', '曼联')","(""67'"", '第11角球', '曼联')","(""73'"", '第12角球', '托特纳姆热刺')","(""87'"", '第13角球', '托特纳姆热刺')"
诺维奇,南安普顿,20/06/20 01:00,"(""2'"", '第1角球', '诺维奇')","(""3'"", '第2角球', '诺维奇')","(""3'"", '第3角球', '诺维奇')","(""8'"", '第4角球', '诺维奇')","(""9'"", '第5角球', '诺维奇')","(""21'"", '第6角球', '诺维奇')","(""24'"", '第7角球', '南安普顿')","(""29'"", '第8角球', '南安普顿')","(""52'"", '第9角球', '南安普顿')","(""58'"", '第10角球', '南安普顿')","(""60'"", '第11角球', '诺维奇')","(""64'"", '第12角球', '诺维奇')","(""72'"", '第13角球', '南安普顿')","(""76'"", '第14角球', '南安普顿')","(""83'"", '第15角球', '诺维奇')","(""88'"", '第16角球', '南安普顿')"
曼城,阿森纳,20/06/18 03:16,"(""4'"", '第1角球', '曼城')","(""9'"", '第2角球', '曼城')","(""16'"", '第3角球', '阿森纳')","(""34'"", '第4角球', '曼城')","(""70'"", '第5角球', '曼城')","(""77'"", '第6角球', '曼城')","(""90+8'"", '第7角球', '阿森纳')"
阿斯顿维拉,谢菲尔德联,20/06/18 01:02,"(""5'"", '第1角球', '阿斯顿维拉')","(""11'"", '第2角球', '阿斯顿维拉')","(""20'"", '第3角球', '谢菲尔德联')","(""23'"", '第4角球', '阿斯顿维拉')","(""31'"", '第5角球', '谢菲尔德联')","(""35'"", '第6角球', '阿斯顿维拉')","(""44'"", '第7角球', '阿斯顿维拉')","(""47'"", '第8角球', '阿斯顿维拉')","(""53'"", '第9角球', '阿斯顿维拉')","(""55'"", '第10角球', '阿斯顿维拉')","(""57'"", '第11角球', '谢菲尔德联')","(""60'"", '第12角球', '阿斯顿维拉')","(""61'"", '第13角球', '阿斯顿维拉')","(""70'"", '第14角球', '谢菲尔德联')","(""72'"", '第15角球', '阿斯顿维拉')","(""79'"", '第16角球', '阿斯顿维拉')"
莱斯特,阿斯顿维拉,20/03/10 04:00,"(""10'"", '第1角球', '莱斯特')","(""15'"", '第2角球', '莱斯特')","(""30'"", '第3角球', '莱斯特')","(""31'"", '第4角球', '莱斯特')","(""32'"", '第5角球', '莱斯特')","(""56'"", '第6角球', '莱斯特')","(""58'"", '第7角球', '莱斯特')","(""82'"", '第8角球', '莱斯特')","(""83'"", '第9角球', '莱斯特')"
曼联,曼城,20/03/09 00:30,"(""8'"", '第1角球', '曼城')","(""8'"", '第2角球', '曼城')","(""11'"", '第3角球', '曼城')","(""14'"", '第4角球', '曼城')","(""39'"", '第5角球', '曼联')","(""56'"", '第6角球', '曼城')","(""57'"", '第7角球', '曼城')","(""61'"", '第8角球', '曼城')","(""67'"", '第9角球', '曼城')","(""70'"", '第10角球', '曼城')","(""71'"", '第11角球', '曼联')","(""83'"", '第12角球', '曼城')","(""84'"", '第13角球', '曼城')"
切尔西,埃弗顿,20/03/08 22:00,"(""39'"", '第1角球', '切尔西')","(""54'"", '第2角球', '切尔西')","(""58'"", '第3角球', '切尔西')","(""62'"", '第4角球', '切尔西')","(""66'"", '第5角球', '埃弗顿')","(""84'"", '第6角球', '切尔西')","(""90+3'"", '第7角球', '切尔西')"
伯恩利,托特纳姆热刺,20/03/08 01:30,"(""9'"", '第1角球', '伯恩利')","(""34'"", '第2角球', '托特纳姆热刺')","(""58'"", '第3角球', '托特纳姆热刺')","(""73'"", '第4角球', '伯恩利')","(""80'"", '第5角球', '托特纳姆热刺')","(""86'"", '第6角球', '托特纳姆热刺')","(""87'"", '第7角球', '托特纳姆热刺')","(""90+5'"", '第8角球', '伯恩利')"
伍尔弗汉普顿,布莱顿,20/03/07 23:00,"(""12'"", '第1角球', '伍尔弗汉普顿')","(""87'"", '第2角球', '伍尔弗汉普顿')"
阿森纳,西汉姆,20/03/07 23:00,"(""2'"", '第1角球', '西汉姆')","(""14'"", '第2角球', '阿森纳')","(""16'"", '第3角球', '阿森纳')","(""19'"", '第4角球', '西汉姆')","(""22'"", '第5角球', '阿森纳')","(""30'"", '第6角球', '西汉姆')","(""31'"", '第7角球', '阿森纳')","(""33'"", '第8角球', '阿森纳')","(""37'"", '第9角球', '阿森纳')","(""40'"", '第10角球', '西汉姆')","(""44'"", '第11角球', '西汉姆')","(""70'"", '第12角球', '西汉姆')","(""84'"", '第13角球', '西汉姆')"
谢菲尔德联,诺维奇,20/03/07 23:00,"(""4'"", '第1角球', '谢菲尔德联')","(""7'"", '第2角球', '谢菲尔德联')","(""8'"", '第3角球', '谢菲尔德联')","(""13'"", '第4角球', '诺维奇')","(""25'"", '第5角球', '谢菲尔德联')","(""32'"", '第6角球', '谢菲尔德联')","(""33'"", '第7角球', '谢菲尔德联')","(""34'"", '第8角球', '谢菲尔德联')","(""35'"", '第9角球', '谢菲尔德联')","(""39'"", '第10角球', '谢菲尔德联')","(""52'"", '第11角球', '诺维奇')","(""53'"", '第12角球', '诺维奇')","(""63'"", '第13角球', '谢菲尔德联')","(""78'"", '第14角球', '诺维奇')","(""79'"", '第15角球', '诺维奇')"
水晶宫,沃特福德,20/03/07 23:00,"(""7'"", '第1角球', '水晶宫')","(""9'"", '第2角球', '水晶宫')","(""13'"", '第3角球', '沃特福德')","(""33'"", '第4角球', '水晶宫')","(""35'"", '第5角球', '水晶宫')","(""36'"", '第6角球', '水晶宫')","(""37'"", '第7角球', '水晶宫')","(""45+1'"", '第8角球', '沃特福德')","(""45+2'"", '第9角球', '沃特福德')","(""53'"", '第10角球', '沃特福德')","(""62'"", '第11角球', '沃特福德')","(""63'"", '第12角球', '水晶宫')","(""65'"", '第13角球', '沃特福德')","(""68'"", '第14角球', '沃特福德')","(""90+1'"", '第15角球', '沃特福德')","(""90+5'"", '第16角球', '水晶宫')"
南安普顿,纽卡斯尔,20/03/07 23:00,"(""2'"", '第1角球', '南安普顿')","(""3'"", '第2角球', '南安普顿')","(""4'"", '第3角球', '南安普顿')","(""8'"", '第4角球', '纽卡斯尔')","(""9'"", '第5角球', '南安普顿')","(""31'"", '第6角球', '纽卡斯尔')","(""41'"", '第7角球', '纽卡斯尔')","(""48'"", '第8角球', '纽卡斯尔')","(""49'"", '第9角球', '纽卡斯尔')","(""54'"", '第10角球', '纽卡斯尔')","(""63'"", '第11角球', '纽卡斯尔')","(""81'"", '第12角球', '南安普顿')","(""88'"", '第13角球', '纽卡斯尔')"
利物浦,伯恩茅斯,20/03/07 20:30,"(""14'"", '第1角球', '伯恩茅斯')","(""14'"", '第2角球', '伯恩茅斯')","(""21'"", '第3角球', '利物浦')","(""28'"", '4th Corner', 'Liverpool')","(""29'"", '5th Corner', 'Liverpool')","(""40'"", '第6角球', '伯恩茅斯')","(""45+2'"", '第7角球', '伯恩茅斯')","(""47'"", '8th Corner', 'Liverpool')","(""65'"", '第9角球', '利物浦')","(""66'"", '第10角球', '利物浦')","(""77'"", '第11角球', '利物浦')","(""78'"", '第12角球', '利物浦')","(""78'"", '第13角球', '利物浦')"
托特纳姆热刺,伍尔弗汉普顿,20/03/01 22:02,"(""2'"", '第1角球', '托特纳姆热刺')","(""12'"", '第2角球', '伍尔弗汉普顿')","(""19'"", '第3角球', '托特纳姆热刺')","(""30'"", '第4角球', '托特纳姆热刺')","(""39'"", '第5角球', '伍尔弗汉普顿')","(""42'"", '第6角球', '伍尔弗汉普顿')","(""45+2'"", '第7角球', '伍尔弗汉普顿')","(""61'"", '第8角球', '伍尔弗汉普顿')","(""65'"", '第9角球', '托特纳姆热刺')"
埃弗顿,曼联,20/03/01 22:00,"(""5'"", '第1角球', '埃弗顿')","(""12'"", '第2角球', '曼联')","(""30'"", '第3角球', '曼联')","(""30'"", '第4角球', '曼联')","(""50'"", '第5角球', '埃弗顿')","(""52'"", '第6角球', '曼联')","(""58'"", '第7角球', '埃弗顿')","(""62'"", '第8角球', '曼联')","(""64'"", '第9角球', '埃弗顿')","(""65'"", '第10角球', '埃弗顿')","(""66'"", '第11角球', '埃弗顿')","(""70'"", '第12角球', '埃弗顿')","(""76'"", '第13角球', '埃弗顿')","(""77'"", '第14角球', '埃弗顿')","(""77'"", '第15角球', '曼联')","(""85'"", '第16角球', '埃弗顿')","(""87'"", '第17角球', '埃弗顿')","(""88'"", '第18角球', '埃弗顿')","(""89'"", '第19角球', '曼联')","(""90'"", '第20角球', '曼联')","(""90+4'"", '第21角球', '埃弗顿')"
沃特福德,利物浦,20/03/01 01:30,"(""9'"", '第1角球', '利物浦')","(""15'"", '第2角球', '沃特福德')","(""20'"", '第3角球', '利物浦')","(""28'"", '第4角球', '沃特福德')","(""42'"", '第5角球', '利物浦')","(""47'"", '第6角球', '沃特福德')","(""58'"", '第7角球', '利物浦')","(""65'"", '第8角球', '利物浦')"
纽卡斯尔,伯恩利,20/02/29 23:00,"(""18'"", '第1角球', '纽卡斯尔')","(""20'"", '第2角球', '伯恩利')","(""21'"", '第3角球', '伯恩利')","(""35'"", '第4角球', '伯恩利')","(""35'"", '第5角球', '伯恩利')","(""41'"", '第6角球', '纽卡斯尔')","(""42'"", '第7角球', '纽卡斯尔')","(""42'"", '第8角球', '纽卡斯尔')","(""54'"", '第9角球', '纽卡斯尔')","(""69'"", '第10角球', '纽卡斯尔')","(""73'"", '第11角球', '伯恩利')","(""78'"", '第12角球', '纽卡斯尔')","(""79'"", '第13角球', '纽卡斯尔')","(""83'"", '第14角球', '纽卡斯尔')","(""85'"", '第15角球', '纽卡斯尔')","(""87'"", '第16角球', '纽卡斯尔')","(""89'"", '第17角球', '伯恩利')","(""90'"", '第18角球', '伯恩利')"
西汉姆,南安普顿,20/02/29 23:00,"(""9'"", '第1角球', '南安普顿')","(""12'"", '第2角球', '南安普顿')","(""13'"", '第3角球', '西汉姆')","(""27'"", '第4角球', '南安普顿')","(""36'"", '第5角球', '西汉姆')","(""42'"", '第6角球', '南安普顿')","(""43'"", '第7角球', '南安普顿')","(""61'"", '第8角球', '西汉姆')","(""67'"", '第9角球', '西汉姆')","(""76'"", '第10角球', '南安普顿')","(""86'"", '第11角球', '南安普顿')","(""88'"", '第12角球', '南安普顿')","(""90+3'"", '第13角球', '南安普顿')"
伯恩茅斯,切尔西,20/02/29 23:00,"(""7'"", '第1角球', '切尔西')","(""8'"", '第2角球', '切尔西')","(""18'"", '第3角球', '伯恩茅斯')","(""21'"", '第4角球', '伯恩茅斯')","(""26'"", '第5角球', '切尔西')","(""26'"", '第6角球', '切尔西')","(""35'"", '第7角球', '切尔西')","(""36'"", '第8角球', '切尔西')","(""40'"", '第9角球', '切尔西')","(""51'"", '第10角球', '切尔西')","(""53'"", '第11角球', '伯恩茅斯')","(""54'"", '第12角球', '伯恩茅斯')","(""75'"", '第13角球', '切尔西')","(""76'"", '第14角球', '切尔西')","(""78'"", '第15角球', '切尔西')","(""78'"", '第16角球', '切尔西')","(""81'"", '第17角球', '切尔西')","(""82'"", '第18角球', '切尔西')"
布莱顿,水晶宫,20/02/29 20:30,"(""12'"", '第1角球', '水晶宫')","(""17'"", '第2角球', '布莱顿')","(""18'"", '第3角球', '布莱顿')","(""22'"", '第4角球', '布莱顿')","(""38'"", '第5角球', '水晶宫')","(""45'"", '第6角球', '水晶宫')","(""45+2'"", '第7角球', '水晶宫')","(""48'"", '第8角球', '布莱顿')","(""59'"", '第9角球', '水晶宫')","(""79'"", '第10角球', '布莱顿')","(""80'"", '第11角球', '布莱顿')","(""83'"", '第12角球', '水晶宫')","(""84'"", '第13角球', '水晶宫')","(""90+1'"", '第14角球', '布莱顿')","(""90+3'"", '第15角球', '布莱顿')"
诺维奇,莱斯特,20/02/29 04:00,"(""7'"", '第1角球', '莱斯特')","(""9'"", '第2角球', '诺维奇')","(""11'"", '第3角球', '莱斯特')","(""17'"", '第4角球', '诺维奇')","(""22'"", '第5角球', '诺维奇')","(""27'"", '第6角球', '莱斯特')","(""33'"", '第7角球', '莱斯特')","(""36'"", '第8角球', '莱斯特')","(""43'"", '第9角球', '莱斯特')","(""45'"", '第10角球', '诺维奇')","(""48'"", '第11角球', '莱斯特')","(""61'"", '第12角球', '诺维奇')","(""69'"", '第13角球', '诺维奇')"
利物浦,西汉姆,20/02/25 04:00,"(""4'"", '第1角球', '利物浦')","(""5'"", '第2角球', '利物浦')","(""10'"", '第3角球', '西汉姆')","(""11'"", '第4角球', '西汉姆')","(""12'"", '第5角球', '西汉姆')","(""17'"", '第6角球', '利物浦')","(""20'"", '第7角球', '西汉姆')","(""21'"", '第8角球', '利物浦')","(""23'"", '第9角球', '利物浦')","(""25'"", '第10角球', '利物浦')","(""33'"", '第11角球', '西汉姆')","(""39'"", '第12角球', '利物浦')","(""40'"", '第13角球', '西汉姆')","(""59'"", '第14角球', '利物浦')","(""61'"", '第15角球', '利物浦')","(""62'"", '第16角球', '利物浦')","(""62'"", '第17角球', '利物浦')","(""63'"", '第18角球', '利物浦')","(""73'"", '第19角球', '利物浦')","(""73'"", '第20角球', '利物浦')","(""74'"", '第21角球', '利物浦')","(""78'"", '第22角球', '利物浦')","(""89'"", '第23角球', '西汉姆')","(""90+6'"", '第24角球', '西汉姆')"
阿森纳,埃弗顿,20/02/24 00:30,"(""7'"", '第1角球', '阿森纳')","(""8'"", '第2角球', '阿森纳')","(""11'"", '第3角球', '埃弗顿')","(""13'"", '第4角球', '阿森纳')","(""30'"", '第5角球', '阿森纳')","(""45+4'"", '第6角球', '埃弗顿')","(""53'"", '第7角球', '阿森纳')","(""75'"", '第8角球', '阿森纳')","(""90+2'"", '第9角球', '埃弗顿')"
曼联,沃特福德,20/02/23 22:01,"(""31'"", '第1角球', '沃特福德')","(""32'"", '第2角球', '沃特福德')","(""51'"", '第3角球', '沃特福德')","(""54'"", '第4角球', '沃特福德')","(""55'"", '第5角球', '曼联')","(""62'"", '第6角球', '曼联')","(""70'"", '第7角球', '沃特福德')","(""84'"", '第8角球', '曼联')"
伍尔弗汉普顿,诺维奇,20/02/23 22:00,"(""22'"", '第1角球', '伍尔弗汉普顿')","(""29'"", '第2角球', '伍尔弗汉普顿')","(""36'"", '第3角球', '伍尔弗汉普顿')","(""40'"", '第4角球', '伍尔弗汉普顿')","(""62'"", '第5角球', '诺维奇')"
莱斯特,曼城,20/02/23 01:30,"(""17'"", '第1角球', '曼城')","(""19'"", '第2角球', '曼城')","(""19'"", '第3角球', '曼城')","(""35'"", '第4角球', '曼城')","(""37'"", '第5角球', '莱斯特')","(""42'"", '第6角球', '莱斯特')","(""60'"", '第7角球', '曼城')","(""64'"", '第8角球', '曼城')","(""70'"", '第9角球', '莱斯特')","(""74'"", '第10角球', '曼城')"
伯恩利,伯恩茅斯,20/02/22 23:00,"(""7'"", '第1角球', '伯恩利')","(""14'"", '第2角球', '伯恩利')","(""15'"", '第3角球', '伯恩利')","(""21'"", '第4角球', '伯恩茅斯')","(""27'"", '第5角球', '伯恩茅斯')","(""44'"", '第6角球', '伯恩利')","(""48'"", '第7角球', '伯恩茅斯')","(""49'"", '第8角球', '伯恩利')","(""50'"", '第9角球', '伯恩利')","(""69'"", '第10角球', '伯恩利')"
南安普顿,阿斯顿维拉,20/02/22 23:00,"(""1'"", '第1角球', '南安普顿')","(""5'"", '第2角球', '南安普顿')","(""7'"", '第3角球', '南安普顿')","(""11'"", '第4角球', '阿斯顿维拉')","(""24'"", '第5角球', '阿斯顿维拉')","(""45+2'"", '第6角球', '南安普顿')","(""48'"", '第7角球', '阿斯顿维拉')","(""50'"", '第8角球', '南安普顿')","(""51'"", '第9角球', '南安普顿')","(""52'"", '第10角球', '南安普顿')","(""54'"", '第11角球', '阿斯顿维拉')","(""68'"", '第12角球', '阿斯顿维拉')","(""83'"", '第13角球', '南安普顿')","(""90+2'"", '第14角球', '南安普顿')","(""90+4'"", '第15角球', '阿斯顿维拉')"
谢菲尔德联,布莱顿,20/02/22 23:00,"(""25'"", '第1角球', '谢菲尔德联')","(""26'"", '第2角球', '谢菲尔德联')","(""34'"", '第3角球', '谢菲尔德联')","(""35'"", '第4角球', '谢菲尔德联')","(""36'"", '第5角球', '布莱顿')","(""40'"", '第6角球', '谢菲尔德联')","(""45+1'"", '第7角球', '谢菲尔德联')","(""51'"", '第8角球', '布莱顿')","(""58'"", '第9角球', '谢菲尔德联')","(""58'"", '第10角球', '谢菲尔德联')","(""66'"", '第11角球', '谢菲尔德联')","(""71'"", '第12角球', '谢菲尔德联')","(""90'"", '第13角球', '谢菲尔德联')","(""90+1'"", '第14角球', '谢菲尔德联')"
水晶宫,纽卡斯尔,20/02/22 23:00,"(""4'"", '第1角球', '纽卡斯尔')","(""6'"", '第2角球', '水晶宫')","(""15'"", '第3角球', '水晶宫')","(""16'"", '第4角球', '水晶宫')","(""18'"", '第5角球', '纽卡斯尔')","(""40'"", '第6角球', '纽卡斯尔')","(""69'"", '第7角球', '纽卡斯尔')","(""70'"", '第8角球', '纽卡斯尔')","(""72'"", '第9角球', '水晶宫')","(""73'"", '第10角球', '水晶宫')","(""74'"", '第11角球', '水晶宫')","(""90+3'"", '第12角球', '水晶宫')"
切尔西,托特纳姆热刺,20/02/22 20:30,"(""10'"", '第1角球', '托特纳姆热刺')","(""9'"", '第2角球', '托特纳姆热刺')","(""12'"", '第3角球', '切尔西')","(""13'"", '第4角球', '切尔西')","(""35'"", '第5角球', '托特纳姆热刺')","(""35'"", '第6角球', '托特纳姆热刺')","(""51'"", '第7角球', '切尔西')","(""66'"", '第8角球', '托特纳姆热刺')"
曼城,西汉姆,20/02/20 03:30,"(""6'"", '第1角球', '曼城')","(""14'"", '第2角球', '曼城')","(""22'"", '第3角球', '西汉姆')","(""29'"", '第4角球', '曼城')","(""30'"", '第5角球', '曼城')","(""32'"", '第6角球', '曼城')","(""82'"", '第7角球', '曼城')"
切尔西,曼联,20/02/18 04:00,"(""7'"", '第1角球', '曼联')","(""13'"", '第2角球', '曼联')","(""23'"", '第3角球', '切尔西')","(""28'"", '第4角球', '曼联')","(""31'"", '第5角球', '曼联')","(""33'"", '第6角球', '切尔西')","(""35'"", '第7角球', '切尔西')","(""55'"", '第8角球', '切尔西')","(""61'"", '第9角球', '切尔西')","(""65'"", '第10角球', '曼联')","(""66'"", '第11角球', '曼联')","(""70'"", '第12角球', '曼联')","(""73'"", '第13角球', '切尔西')","(""75'"", '第14角球', '曼联')","(""82'"", '第15角球', '切尔西')","(""87'"", '第16角球', '切尔西')","(""88'"", '第17角球', '切尔西')"
阿森纳,纽卡斯尔,20/02/17 00:30,"(""3'"", '第1角球', '阿森纳')","(""5'"", '第2角球', '纽卡斯尔')","(""14'"", '第3角球', '纽卡斯尔')","(""14'"", '第4角球', '纽卡斯尔')","(""29'"", '第5角球', '阿森纳')","(""40'"", '第6角球', '阿森纳')","(""41'"", '第7角球', '阿森纳')","(""56'"", '第8角球', '阿森纳')","(""64'"", '第9角球', '纽卡斯尔')","(""64'"", '第10角球', '纽卡斯尔')","(""86'"", '第11角球', '纽卡斯尔')"
阿斯顿维拉,托特纳姆热刺,20/02/16 22:01,"(""14'"", '第1角球', '阿斯顿维拉')","(""19'"", '第2角球', '阿斯顿维拉')","(""24'"", '第3角球', '阿斯顿维拉')","(""25'"", '第4角球', '阿斯顿维拉')","(""27'"", '第5角球', '托特纳姆热刺')","(""32'"", '第6角球', '阿斯顿维拉')","(""33'"", '第7角球', '阿斯顿维拉')","(""33'"", '第8角球', '阿斯顿维拉')","(""48'"", '第9角球', '托特纳姆热刺')","(""53'"", '第10角球', '阿斯顿维拉')","(""55'"", '第11角球', '托特纳姆热刺')","(""58'"", '第12角球', '阿斯顿维拉')","(""64'"", '第13角球', '阿斯顿维拉')","(""69'"", '第14角球', '阿斯顿维拉')","(""71'"", '第15角球', '托特纳姆热刺')","(""80'"", '第16角球', '阿斯顿维拉')","(""84'"", '第17角球', '托特纳姆热刺')","(""85'"", '第18角球', '托特纳姆热刺')","(""90+1'"", '第19角球', '托特纳姆热刺')"
诺维奇,利物浦,20/02/16 01:30,"(""39'"", '第1角球', '利物浦')","(""45+1'"", '第2角球', '利物浦')","(""45+2'"", '第3角球', '利物浦')","(""58'"", '第4角球', '利物浦')","(""66'"", '第5角球', '利物浦')","(""67'"", '第6角球', '利物浦')","(""74'"", '第7角球', '诺维奇')","(""75'"", '第8角球', '诺维奇')","(""83'"", '第9角球', '利物浦')"
南安普顿,伯恩利,20/02/15 20:30,"(""2'"", '第1角球', '伯恩利')","(""8'"", '第2角球', '南安普顿')","(""9'"", '第3角球', '南安普顿')","(""72'"", '第4角球', '伯恩利')","(""78'"", '第5角球', '南安普顿')","(""87'"", '第6角球', '南安普顿')","(""89'"", '第7角球', '伯恩利')"
伍尔弗汉普顿,莱斯特,20/02/15 04:00,"(""11'"", '第1角球', '伍尔弗汉普顿')","(""18'"", '第2角球', '伍尔弗汉普顿')","(""44'"", '第3角球', '伍尔弗汉普顿')","(""70'"", '第4角球', '伍尔弗汉普顿')","(""73'"", '第5角球', '伍尔弗汉普顿')","(""90'"", '第6角球', '伍尔弗汉普顿')","(""90+5'"", '第7角球', '伍尔弗汉普顿')"
谢菲尔德联,伯恩茅斯,20/02/09 22:00,"(""5'"", '第1角球', '伯恩茅斯')","(""29'"", '第2角球', '谢菲尔德联')","(""31'"", '第3角球', '谢菲尔德联')","(""35'"", '第4角球', '谢菲尔德联')","(""45'"", '第5角球', '谢菲尔德联')","(""45+1'"", '第6角球', '谢菲尔德联')","(""45+1'"", '第7角球', '谢菲尔德联')","(""48'"", '第8角球', '谢菲尔德联')","(""60'"", '第9角球', '伯恩茅斯')","(""71'"", '第10角球', '伯恩茅斯')","(""83'"", '第11角球', '谢菲尔德联')","(""90'"", '第12角球', '伯恩茅斯')"
布莱顿,沃特福德,20/02/09 01:31,"(""2'"", '第1角球', '布莱顿')","(""3'"", '第2角球', '布莱顿')","(""3'"", '第3角球', '布莱顿')","(""30'"", '第4角球', '沃特福德')","(""30'"", '第5角球', '沃特福德')"
埃弗顿,水晶宫,20/02/08 20:30,"(""13'"", '第1角球', '水晶宫')","(""14'"", '第2角球', '水晶宫')","(""56'"", '第3角球', '水晶宫')","(""57'"", '第4角球', '水晶宫')","(""57'"", '第5角球', '水晶宫')","(""66'"", '第6角球', '埃弗顿')","(""82'"", '第7角球', '水晶宫')","(""88'"", '第8角球', '埃弗顿')","(""90'"", '第9角球', '埃弗顿')","(""90+1'"", '第10角球', '埃弗顿')"
托特纳姆热刺,曼城,20/02/03 00:30,"(""23'"", '第1角球', '曼城')","(""45'"", '第2角球', '托特纳姆热刺')","(""54'"", '第3角球', '曼城')","(""60'"", '第4角球', '曼城')","(""63'"", '第5角球', '托特纳姆热刺')","(""70'"", '第6角球', '曼城')","(""77'"", '第7角球', '曼城')","(""90'"", '第8角球', '曼城')"
伯恩利,阿森纳,20/02/02 22:00,"(""4'"", '第1角球', '阿森纳')","(""20'"", '第2角球', '伯恩利')","(""20'"", '第3角球', '伯恩利')","(""23'"", '第4角球', '阿森纳')","(""23'"", '第5角球', '阿森纳')","(""40'"", '第6角球', '伯恩利')","(""40'"", '第7角球', '伯恩利')","(""62'"", '第8角球', '阿森纳')","(""72'"", '第9角球', '阿森纳')","(""72'"", '第10角球', '阿森纳')","(""79'"", '第11角球', '伯恩利')","(""87'"", '第12角球', '阿森纳')"
曼联,伍尔弗汉普顿,20/02/02 01:30,"(""5'"", '第1角球', '伍尔弗汉普顿')","(""17'"", '第2角球', '曼联')","(""19'"", '第3角球', '伍尔弗汉普顿')","(""20'"", '第4角球', '伍尔弗汉普顿')","(""68'"", '第5角球', '曼联')","(""70'"", '第6角球', '伍尔弗汉普顿')","(""81'"", '第7角球', '曼联')","(""82'"", '第8角球', '伍尔弗汉普顿')","(""85'"", '第9角球', '伍尔弗汉普顿')","(""88'"", '第10角球', '曼联')"
纽卡斯尔,诺维奇,20/02/01 23:01,"(""4'"", '第1角球', '诺维奇')","(""5'"", '第2角球', '诺维奇')","(""15'"", '第3角球', '纽卡斯尔')","(""17'"", '第4角球', '诺维奇')","(""32'"", '第5角球', '诺维奇')","(""36'"", '第6角球', '诺维奇')","(""36'"", '第7角球', '诺维奇')","(""40'"", '第8角球', '诺维奇')","(""45+3'"", '第9角球', '纽卡斯尔')","(""53'"", '第10角球', '诺维奇')","(""58'"", '第11角球', '诺维奇')","(""61'"", '第12角球', '纽卡斯尔')","(""65'"", '第13角球', '纽卡斯尔')","(""69'"", '第14角球', '纽卡斯尔')","(""71'"", '第15角球', '诺维奇')","(""84'"", '第16角球', '纽卡斯尔')","(""84'"", '第17角球', '纽卡斯尔')","(""85'"", '第18角球', '纽卡斯尔')","(""90+1'"", '第19角球', '诺维奇')","(""90+2'"", '第20角球', '诺维奇')"
西汉姆,布莱顿,20/02/01 23:00,"(""4'"", '第1角球', '西汉姆')","(""7'"", '第2角球', '西汉姆')","(""25'"", '第3角球', '西汉姆')","(""47'"", '第4角球', '布莱顿')","(""51'"", '第5角球', '布莱顿')","(""55'"", '第6角球', '布莱顿')","(""56'"", '第7角球', '西汉姆')","(""73'"", '第8角球', '布莱顿')","(""77'"", '第9角球', '布莱顿')","(""90+1'"", '第10角球', '布莱顿')"
伯恩茅斯,阿斯顿维拉,20/02/01 23:00,"(""20'"", '第1角球', '阿斯顿维拉')","(""34'"", '第2角球', '阿斯顿维拉')","(""45+1'"", '第3角球', '阿斯顿维拉')","(""45+2'"", '第4角球', '阿斯顿维拉')","(""62'"", '第5角球', '阿斯顿维拉')","(""64'"", '第6角球', '阿斯顿维拉')","(""82'"", '第7角球', '阿斯顿维拉')","(""85'"", '第8角球', '伯恩茅斯')","(""90'"", '第9角球', '阿斯顿维拉')"
水晶宫,谢菲尔德联,20/02/01 23:00,"(""14'"", '第1角球', '水晶宫')","(""17'"", '第2角球', '水晶宫')","(""35'"", '第3角球', '水晶宫')","(""38'"", '第4角球', '谢菲尔德联')","(""39'"", '第5角球', '水晶宫')","(""57'"", '第6角球', '谢菲尔德联')","(""65'"", '第7角球', '水晶宫')","(""69'"", '第8角球', '水晶宫')","(""79'"", '第9角球', '谢菲尔德联')","(""85'"", '第10角球', '谢菲尔德联')","(""86'"", '第11角球', '谢菲尔德联')","(""90+2'"", '第12角球', '水晶宫')","(""90+2'"", '第13角球', '水晶宫')","(""90+4'"", '第14角球', '水晶宫')"
利物浦,南安普顿,20/02/01 23:00,"(""11'"", '第1角球', '利物浦')","(""21'"", '第2角球', '利物浦')","(""21'"", '第3角球', '利物浦')","(""24'"", '第4角球', '利物浦')","(""27'"", '第5角球', '南安普顿')","(""30'"", '第6角球', '利物浦')","(""32'"", '第7角球', '南安普顿')","(""34'"", '第8角球', '南安普顿')","(""35'"", '第9角球', '南安普顿')","(""38'"", '第10角球', '利物浦')","(""45'"", '第11角球', '南安普顿')","(""45+1'"", '第12角球', '南安普顿')","(""51'"", '第13角球', '南安普顿')","(""58'"", '第14角球', '南安普顿')","(""64'"", '第15角球', '南安普顿')","(""70'"", '第16角球', '南安普顿')","(""75'"", '第17角球', '南安普顿')"
沃特福德,埃弗顿,20/02/01 23:00,"(""8'"", '第1角球', '沃特福德')","(""45'"", '第2角球', '埃弗顿')","(""45+3'"", '第3角球', '埃弗顿')","(""47'"", '第4角球', '埃弗顿')","(""48'"", '第5角球', '埃弗顿')","(""60'"", '第6角球', '沃特福德')","(""63'"", '第7角球', '沃特福德')","(""83'"", '第8角球', '沃特福德')"
莱斯特,切尔西,20/02/01 20:30,"(""9'"", '第1角球', '切尔西')","(""9'"", '第2角球', '切尔西')","(""32'"", '第3角球', '切尔西')","(""37'"", '第4角球', '莱斯特')","(""40'"", '第5角球', '切尔西')","(""45+3'"", '第6角球', '莱斯特')","(""47'"", '第7角球', '切尔西')","(""53'"", '第8角球', '莱斯特')","(""77'"", '第9角球', '莱斯特')","(""87'"", '第10角球', '切尔西')"
西汉姆,利物浦,20/01/30 03:45,"(""12'"", '第1角球', '利物浦')","(""14'"", '第2角球', '利物浦')","(""21'"", '第3角球', '利物浦')","(""48'"", '第4角球', '利物浦')","(""50'"", '第5角球', '利物浦')","(""51'"", '第6角球', '西汉姆')","(""55'"", '第7角球', '西汉姆')","(""67'"", '第8角球', '利物浦')","(""85'"", '第9角球', '西汉姆')","(""90'"", '第10角球', '利物浦')"
伍尔弗汉普顿,利物浦,20/01/24 04:00,"(""8'"", '第1角球', '利物浦')","(""11'"", '第2角球', '伍尔弗汉普顿')","(""43'"", '第3角球', '伍尔弗汉普顿')","(""47'"", '第4角球', '利物浦')","(""75'"", '第5角球', '利物浦')","(""83'"", '第6角球', '利物浦')"
曼联,伯恩利,20/01/23 04:15,"(""9'"", '第1角球', '曼联')","(""32'"", '第2角球', '曼联')","(""42'"", '第3角球', '曼联')","(""45+2'"", '第4角球', '伯恩利')","(""48'"", '第5角球', '伯恩利')","(""74'"", '第6角球', '曼联')","(""90+2'"", '第7角球', '曼联')"
莱斯特,西汉姆,20/01/23 03:30,"(""7'"", '第1角球', '莱斯特')","(""15'"", '第2角球', '西汉姆')","(""28'"", '第3角球', '莱斯特')","(""31'"", '第4角球', '西汉姆')","(""36'"", '第5角球', '莱斯特')","(""45+2'"", '第6角球', '西汉姆')","(""58'"", '第7角球', '西汉姆')","(""61'"", '第8角球', '西汉姆')","(""66'"", '第9角球', '莱斯特')","(""68'"", '第10角球', '西汉姆')","(""68'"", '第11角球', '西汉姆')","(""70'"", '第12角球', '莱斯特')","(""73'"", '第13角球', '莱斯特')","(""76'"", '第14角球', '莱斯特')","(""79'"", '第15角球', '西汉姆')"
托特纳姆热刺,诺维奇,20/01/23 03:30,"(""3'"", '第1角球', '托特纳姆热刺')","(""13'"", '第2角球', '托特纳姆热刺')","(""17'"", '第3角球', '托特纳姆热刺')","(""28'"", '第4角球', '诺维奇')","(""52'"", '第5角球', '诺维奇')","(""76'"", '第6角球', '托特纳姆热刺')","(""76'"", '第7角球', '托特纳姆热刺')","(""83'"", '第8角球', '诺维奇')","(""86'"", '第9角球', '托特纳姆热刺')","(""89'"", '第10角球', '托特纳姆热刺')"
切尔西,阿森纳,20/01/22 04:15,"(""4'"", '第1角球', '切尔西')","(""5'"", '第2角球', '阿森纳')","(""5'"", '第3角球', '阿森纳')","(""10'"", '第4角球', '切尔西')","(""10'"", '第5角球', '切尔西')","(""15'"", '第6角球', '切尔西')","(""16'"", '第7角球', '切尔西')","(""16'"", '第8角球', '切尔西')","(""22'"", '第9角球', '切尔西')","(""23'"", '第10角球', '切尔西')","(""31'"", '第11角球', '切尔西')","(""39'"", '第12角球', '阿森纳')","(""43'"", '第13角球', '切尔西')","(""48'"", '第14角球', '阿森纳')","(""63'"", '第15角球', '切尔西')","(""71'"", '第16角球', '阿森纳')","(""79'"", '第17角球', '切尔西')","(""81'"", '第18角球', '切尔西')","(""81'"", '第19角球', '切尔西')","(""84'"", '第20角球', '切尔西')","(""90+3'"", '第21角球', '切尔西')","(""90+4'"", '第22角球', '切尔西')"
阿斯顿维拉,沃特福德,20/01/22 03:30,"(""8'"", '第1角球', '阿斯顿维拉')","(""17'"", '第2角球', '阿斯顿维拉')","(""19'"", '第3角球', '阿斯顿维拉')","(""49'"", '第4角球', '阿斯顿维拉')","(""51'"", '第5角球', '阿斯顿维拉')","(""54'"", '第6角球', '沃特福德')","(""57'"", '第7角球', '沃特福德')","(""69'"", '第8角球', '沃特福德')","(""89'"", '第9角球', '阿斯顿维拉')"
埃弗顿,纽卡斯尔,20/01/22 03:30,"(""18'"", '第1角球', '埃弗顿')","(""22'"", '第2角球', '埃弗顿')","(""23'"", '第3角球', '埃弗顿')","(""24'"", '第4角球', '纽卡斯尔')","(""40'"", '第5角球', '纽卡斯尔')","(""73'"", '第6角球', '埃弗顿')","(""75'"", '第7角球', '埃弗顿')","(""76'"", '第8角球', '埃弗顿')","(""87'"", '第9角球', '纽卡斯尔')","(""90+3'"", '第10角球', '纽卡斯尔')"
水晶宫,南安普顿,20/01/22 03:30,"(""27'"", '第1角球', '南安普顿')","(""32'"", '第2角球', '南安普顿')","(""32'"", '第3角球', '南安普顿')","(""45+2'"", '第4角球', '南安普顿')","(""55'"", '第5角球', '南安普顿')","(""55'"", '第6角球', '南安普顿')","(""75'"", '第7角球', '南安普顿')","(""76'"", '第8角球', '南安普顿')"
谢菲尔德联,曼城,20/01/22 03:30,"(""7'"", '第1角球', '曼城')","(""20'"", '第2角球', '曼城')","(""20'"", '第3角球', '曼城')","(""23'"", '第4角球', '谢菲尔德联')","(""25'"", '第5角球', '曼城')","(""25'"", '第6角球', '曼城')","(""26'"", '第7角球', '曼城')","(""33'"", '第8角球', '谢菲尔德联')","(""38'"", '第9角球', '谢菲尔德联')","(""50'"", '第10角球', '曼城')","(""54'"", '第11角球', '谢菲尔德联')","(""54'"", '第12角球', '谢菲尔德联')","(""59'"", '第13角球', '曼城')","(""70'"", '第14角球', '曼城')","(""77'"", '第15角球', '曼城')","(""84'"", '第16角球', '曼城')","(""86'"", '第17角球', '曼城')","(""90+1'"", '第18角球', '曼城')"
伯恩茅斯,布莱顿,20/01/22 03:30,"(""7'"", '第1角球', '布莱顿')","(""14'"", '第2角球', '布莱顿')","(""33'"", '第3角球', '伯恩茅斯')","(""34'"", '第4角球', '伯恩茅斯')","(""40'"", '第5角球', '伯恩茅斯')","(""44'"", '第6角球', '伯恩茅斯')","(""47'"", '第7角球', '伯恩茅斯')","(""49'"", '第8角球', '布莱顿')","(""64'"", '第9角球', '布莱顿')","(""69'"", '第10角球', '布莱顿')","(""71'"", '第11角球', '布莱顿')","(""72'"", '第12角球', '布莱顿')","(""90+1'"", '第13角球', '布莱顿')"
利物浦,曼联,20/01/20 00:30,"(""6'"", '第1角球', '利物浦')","(""14'"", '第2角球', '利物浦')","(""18'"", '第3角球', '利物浦')","(""23'"", '第4角球', '利物浦')","(""24'"", '第5角球', '利物浦')","(""28'"", '第6角球', '利物浦')","(""45'"", '第7角球', '利物浦')","(""45+1'"", '第8角球', '利物浦')","(""52'"", '第9角球', '利物浦')","(""54'"", '第10角球', '利物浦')","(""54'"", '第11角球', '利物浦')","(""68'"", '第12角球', '曼联')","(""81'"", '第13角球', '曼联')","(""89'"", '第14角球', '曼联')","(""90'"", '第15角球', '曼联')","(""90+2'"", '第16角球', '曼联')"
伯恩利,莱斯特,20/01/19 22:01,"(""19'"", '第1角球', '伯恩利')","(""20'"", '第2角球', '伯恩利')","(""24'"", '第3角球', '莱斯特')","(""25'"", '第4角球', '莱斯特')","(""38'"", '第5角球', '莱斯特')","(""55'"", '第6角球', '伯恩利')","(""72'"", '第7角球', '伯恩利')","(""89'"", '第8角球', '莱斯特')","(""90+5'"", '第9角球', '莱斯特')"
纽卡斯尔,切尔西,20/01/19 01:30,"(""6'"", '第1角球', '切尔西')","(""7'"", '第2角球', '切尔西')","(""44'"", '第3角球', '切尔西')","(""45+2'"", '第4角球', '切尔西')","(""45+3'"", '第5角球', '切尔西')","(""45+5'"", '第6角球', '切尔西')","(""64'"", '第7角球', '切尔西')","(""76'"", '第8角球', '切尔西')","(""83'"", '第9角球', '切尔西')","(""86'"", '第10角球', '切尔西')","(""90+3'"", '第11角球', '纽卡斯尔')"
布莱顿,阿斯顿维拉,20/01/18 23:01,"(""11'"", '第1角球', '阿斯顿维拉')","(""24'"", '第2角球', '阿斯顿维拉')","(""32'"", '第3角球', '布莱顿')","(""53'"", '第4角球', '阿斯顿维拉')","(""64'"", '第5角球', '布莱顿')","(""79'"", '第6角球', '阿斯顿维拉')","(""88'"", '第7角球', '布莱顿')"
曼城,水晶宫,20/01/18 23:00,"(""15'"", '第1角球', '曼城')","(""15'"", '第2角球', '曼城')","(""18'"", '第3角球', '曼城')","(""19'"", '第4角球', '曼城')","(""34'"", '第5角球', '曼城')","(""38'"", '第6角球', '水晶宫')","(""42'"", '第7角球', '曼城')","(""45'"", '第8角球', '曼城')","(""45+2'"", '第9角球', '曼城')","(""53'"", '第10角球', '曼城')","(""55'"", '第11角球', '水晶宫')","(""56'"", '第12角球', '曼城')","(""60'"", '第13角球', '曼城')","(""65'"", '第14角球', '曼城')","(""71'"", '第15角球', '曼城')","(""76'"", '第16角球', '曼城')"
西汉姆,埃弗顿,20/01/18 23:00,"(""3'"", '第1角球', '西汉姆')","(""20'"", '第2角球', '西汉姆')","(""25'"", '第3角球', '西汉姆')","(""43'"", '第4角球', '埃弗顿')","(""45+1'"", '第5角球', '西汉姆')","(""48'"", '第6角球', '埃弗顿')","(""50'"", '第7角球', '埃弗顿')","(""56'"", '第8角球', '西汉姆')","(""58'"", '第9角球', '埃弗顿')","(""62'"", '第10角球', '西汉姆')","(""64'"", '第11角球', '埃弗顿')","(""70'"", '第12角球', '西汉姆')","(""90+4'"", '第13角球', '埃弗顿')"
南安普顿,伍尔弗汉普顿,20/01/18 23:00,"(""2'"", '第1角球', '伍尔弗汉普顿')","(""3'"", '第2角球', '伍尔弗汉普顿')","(""12'"", '第3角球', '伍尔弗汉普顿')","(""90+5'"", '第4角球', '南安普顿')"
诺维奇,伯恩茅斯,20/01/18 23:00,"(""6'"", '第1角球', '诺维奇')","(""28'"", '第2角球', '伯恩茅斯')","(""53'"", '第3角球', '诺维奇')","(""54'"", '第4角球', '诺维奇')","(""59'"", '第5角球', '伯恩茅斯')","(""83'"", '第6角球', '伯恩茅斯')","(""83'"", '第7角球', '伯恩茅斯')","(""84'"", '第8角球', '伯恩茅斯')","(""90'"", '第9角球', '诺维奇')"
阿森纳,谢菲尔德联,20/01/18 23:00,"(""6'"", '第1角球', '谢菲尔德联')","(""9'"", '第2角球', '谢菲尔德联')","(""25'"", '第3角球', '阿森纳')","(""55'"", '第4角球', '谢菲尔德联')","(""63'"", '第5角球', '谢菲尔德联')","(""66'"", '第6角球', '阿森纳')","(""80'"", '第7角球', '谢菲尔德联')","(""86'"", '第8角球', '阿森纳')","(""90+2'"", '第9角球', '阿森纳')"
沃特福德,托特纳姆热刺,20/01/18 20:30,"(""6'"", '第1角球', '托特纳姆热刺')","(""32'"", '第2角球', '沃特福德')","(""52'"", '第3角球', '沃特福德')","(""55'"", '第4角球', '沃特福德')","(""64'"", '第5角球', '托特纳姆热刺')","(""74'"", '第6角球', '托特纳姆热刺')"
阿斯顿维拉,曼城,20/01/13 00:30,"(""44'"", '第1角球', '阿斯顿维拉')","(""55'"", '第2角球', '曼城')","(""64'"", '第3角球', '曼城')","(""64'"", '第4角球', '曼城')","(""78'"", '第5角球', '曼城')","(""86'"", '第6角球', '阿斯顿维拉')"
伯恩茅斯,沃特福德,20/01/12 22:00,"(""4'"", '第1角球', '沃特福德')","(""5'"", '第2角球', '沃特福德')","(""10'"", '第3角球', '伯恩茅斯')","(""19'"", '第4角球', '沃特福德')","(""25'"", '第5角球', '伯恩茅斯')","(""31'"", '第6角球', '伯恩茅斯')","(""45+1'"", '第7角球', '伯恩茅斯')","(""52'"", '第8角球', '沃特福德')","(""54'"", '第9角球', '伯恩茅斯')","(""75'"", '第10角球', '沃特福德')"
托特纳姆热刺,利物浦,20/01/12 01:30,"(""2'"", '第1角球', '托特纳姆热刺')","(""20'"", '第2角球', '利物浦')","(""22'"", '第3角球', '利物浦')","(""24'"", '第4角球', '托特纳姆热刺')","(""45+1'"", '第5角球', '托特纳姆热刺')","(""60'"", '第6角球', '托特纳姆热刺')","(""65'"", '第7角球', '利物浦')"
埃弗顿,布莱顿,20/01/11 23:00,"(""45+1'"", '第1角球', '布莱顿')","(""50'"", '第2角球', '埃弗顿')","(""55'"", '第3角球', '埃弗顿')","(""61'"", '第4角球', '埃弗顿')","(""72'"", '第5角球', '布莱顿')","(""76'"", '第6角球', '埃弗顿')","(""82'"", '第7角球', '布莱顿')"
曼联,诺维奇,20/01/11 23:00,"(""17'"", '第1角球', '曼联')","(""43'"", '第2角球', '曼联')","(""54'"", '第3角球', '曼联')","(""86'"", '第4角球', '诺维奇')","(""87'"", '第5角球', '诺维奇')","(""90+1'"", '第6角球', '曼联')"
伍尔弗汉普顿,纽卡斯尔,20/01/11 23:00,"(""13'"", '第1角球', '伍尔弗汉普顿')","(""24'"", '第2角球', '伍尔弗汉普顿')","(""47'"", '第3角球', '伍尔弗汉普顿')","(""51'"", '第4角球', '纽卡斯尔')","(""55'"", '第5角球', '纽卡斯尔')","(""70'"", '第6角球', '伍尔弗汉普顿')","(""90'"", '第7角球', '伍尔弗汉普顿')"
莱斯特,南安普顿,20/01/11 23:00,"(""39'"", '第1角球', '南安普顿')","(""43'"", '第2角球', '南安普顿')","(""52'"", '第3角球', '莱斯特')","(""55'"", '第4角球', '南安普顿')","(""83'"", '第5角球', '南安普顿')","(""87'"", '第6角球', '莱斯特')"
切尔西,伯恩利,20/01/11 23:00,"(""2'"", '第1角球', '切尔西')","(""3'"", '第2角球', '切尔西')","(""3'"", '第3角球', '切尔西')","(""8'"", '第4角球', '切尔西')","(""15'"", '第5角球', '切尔西')","(""16'"", '第6角球', '切尔西')","(""34'"", '第7角球', '伯恩利')","(""34'"", '第8角球', '伯恩利')","(""41'"", '第9角球', '切尔西')","(""66'"", '第10角球', '伯恩利')","(""75'"", '第11角球', '切尔西')","(""81'"", '第12角球', '切尔西')","(""85'"", '第13角球', '切尔西')"
水晶宫,阿森纳,20/01/11 20:30,"(""1'"", '第1角球', '阿森纳')","(""60'"", '第2角球', '阿森纳')","(""61'"", '第3角球', '阿森纳')","(""77'"", '第4角球', '阿森纳')","(""79'"", '第5角球', '水晶宫')"
谢菲尔德联,西汉姆,20/01/11 04:00,"(""7'"", '第1角球', '谢菲尔德联')","(""11'"", '第2角球', '谢菲尔德联')","(""17'"", '第3角球', '谢菲尔德联')","(""29'"", '第4角球', '西汉姆')","(""37'"", '第5角球', '谢菲尔德联')","(""45+1'"", '第6角球', '西汉姆')","(""53'"", '第7角球', '谢菲尔德联')","(""64'"", '第8角球', '谢菲尔德联')","(""79'"", '第9角球', '谢菲尔德联')","(""82'"", '第10角球', '西汉姆')"
利物浦,谢菲尔德联,20/01/03 04:00,"(""8'"", '第1角球', '谢菲尔德联')","(""12'"", '第2角球', '利物浦')","(""12'"", '第3角球', '利物浦')","(""21'"", '第4角球', '谢菲尔德联')","(""30'"", '第5角球', '利物浦')","(""30'"", '第6角球', '利物浦')","(""31'"", '第7角球', '利物浦')","(""60'"", '第8角球', '利物浦')","(""69'"", '第9角球', '利物浦')","(""82'"", '第10角球', '利物浦')","(""83'"", '第11角球', '谢菲尔德联')","(""84'"", '第12角球', '谢菲尔德联')"
阿森纳,曼联,20/01/02 04:00,"(""6'"", '第1角球', '曼联')","(""42'"", '第2角球', '阿森纳')","(""72'"", '第3角球', '曼联')","(""75'"", '第4角球', '曼联')","(""87'"", '第5角球', '曼联')"
曼城,埃弗顿,20/01/02 01:30,"(""9'"", '第1角球', '埃弗顿')","(""29'"", '第2角球', '曼城')","(""29'"", '第3角球', '曼城')","(""45+2'"", '第4角球', '埃弗顿')","(""53'"", '第5角球', '埃弗顿')","(""54'"", '第6角球', '埃弗顿')","(""84'"", '第7角球', '埃弗顿')","(""88'"", '第8角球', '曼城')","(""90+3'"", '第9角球', '埃弗顿')"
诺维奇,水晶宫,20/01/02 01:30,"(""2'"", '第1角球', '水晶宫')","(""31'"", '第2角球', '水晶宫')","(""54'"", '第3角球', '诺维奇')","(""61'"", '第4角球', '诺维奇')","(""65'"", '第5角球', '水晶宫')","(""70'"", '第6角球', '水晶宫')","(""75'"", '第7角球', '水晶宫')"
西汉姆,伯恩茅斯,20/01/02 01:30,"(""4'"", '第1角球', '伯恩茅斯')","(""5'"", '第2角球', '西汉姆')","(""7'"", '第3角球', '西汉姆')","(""20'"", '第4角球', '西汉姆')","(""24'"", '第5角球', '西汉姆')","(""32'"", '第6角球', '西汉姆')","(""45'"", '第7角球', '伯恩茅斯')","(""48'"", '第8角球', '西汉姆')","(""51'"", '第9角球', '西汉姆')","(""64'"", '第10角球', '西汉姆')","(""82'"", '第11角球', '西汉姆')"
南安普顿,托特纳姆热刺,20/01/01 23:00,"(""4'"", '第1角球', '托特纳姆热刺')","(""6'"", '第2角球', '托特纳姆热刺')","(""13'"", '第3角球', '南安普顿')","(""21'"", '第4角球', '托特纳姆热刺')","(""25'"", '第5角球', '南安普顿')","(""28'"", '第6角球', '托特纳姆热刺')","(""28'"", '第7角球', '托特纳姆热刺')","(""32'"", '第8角球', '南安普顿')","(""39'"", '第9角球', '托特纳姆热刺')","(""60'"", '第10角球', '托特纳姆热刺')","(""64'"", '第11角球', '南安普顿')","(""85'"", '第12角球', '南安普顿')","(""86'"", '第13角球', '南安普顿')","(""88'"", '第14角球', '托特纳姆热刺')","(""89'"", '第15角球', '托特纳姆热刺')"
纽卡斯尔,莱斯特,20/01/01 23:00,"(""3'"", '第1角球', '莱斯特')","(""5'"", '第2角球', '纽卡斯尔')","(""6'"", '第3角球', '纽卡斯尔')","(""12'"", '第4角球', '纽卡斯尔')","(""22'"", '第5角球', '莱斯特')","(""29'"", '第6角球', '莱斯特')","(""33'"", '第7角球', '莱斯特')","(""56'"", '第8角球', '纽卡斯尔')","(""69'"", '第9角球', '莱斯特')"
沃特福德,伍尔弗汉普顿,20/01/01 23:00,"(""11'"", '第1角球', '伍尔弗汉普顿')","(""12'"", '第2角球', '伍尔弗汉普顿')","(""36'"", '第3角球', '伍尔弗汉普顿')","(""62'"", '第4角球', '伍尔弗汉普顿')","(""62'"", '第5角球', '伍尔弗汉普顿')","(""77'"", '第6角球', '伍尔弗汉普顿')","(""80'"", '第7角球', '沃特福德')","(""88'"", '第8角球', '伍尔弗汉普顿')","(""90'"", '第9角球', '沃特福德')","(""90+1'"", '第10角球', '沃特福德')","(""90+3'"", '第11角球', '沃特福德')"
布莱顿,切尔西,20/01/01 20:31,"(""7'"", '第1角球', '布莱顿')","(""9'"", '第2角球', '切尔西')","(""28'"", '第3角球', '切尔西')","(""35'"", '第4角球', '布莱顿')","(""35'"", '第5角球', '布莱顿')","(""36'"", '第6角球', '布莱顿')","(""65'"", '第7角球', '切尔西')","(""84'"", '第8角球', '布莱顿')"
伯恩利,阿斯顿维拉,20/01/01 20:30,"(""2'"", '第1角球', '阿斯顿维拉')","(""2'"", '第2角球', '阿斯顿维拉')","(""3'"", '第3角球', '伯恩利')","(""11'"", '第4角球', '阿斯顿维拉')","(""32'"", '第5角球', '阿斯顿维拉')","(""48'"", '第6角球', '伯恩利')","(""48'"", '第7角球', '伯恩利')","(""49'"", '第8角球', '伯恩利')","(""51'"", '第9角球', '伯恩利')","(""62'"", '第10角球', '伯恩利')","(""62'"", '第11角球', '伯恩利')","(""90+8'"", '第12角球', '伯恩利')"
曼城,谢菲尔德联,19/12/30 02:00,"(""2'"", '第1角球', '谢菲尔德联')","(""6'"", '第2角球', '谢菲尔德联')","(""7'"", '第3角球', '谢菲尔德联')","(""11'"", '第4角球', '曼城')","(""17'"", '第5角球', '曼城')","(""19'"", '第6角球', '曼城')","(""19'"", '第7角球', '曼城')","(""25'"", '第8角球', '谢菲尔德联')","(""36'"", '第9角球', '曼城')","(""71'"", '第10角球', '曼城')","(""78'"", '第11角球', '谢菲尔德联')","(""86'"", '第12角球', '曼城')","(""88'"", '第13角球', '曼城')"
利物浦,伍尔弗汉普顿,19/12/30 00:30,"(""7'"", '第1角球', '伍尔弗汉普顿')","(""15'"", '第2角球', '利物浦')","(""31'"", '第3角球', '利物浦')","(""45+2'"", '第4角球', '伍尔弗汉普顿')","(""45+2'"", '第5角球', '伍尔弗汉普顿')","(""53'"", '第6角球', '利物浦')","(""53'"", '第7角球', '利物浦')","(""55'"", '第8角球', '利物浦')","(""68'"", '第9角球', '伍尔弗汉普顿')","(""83'"", '第10角球', '伍尔弗汉普顿')","(""90+5'"", '第11角球', '伍尔弗汉普顿')"
阿森纳,切尔西,19/12/29 22:00,"(""6'"", '第1角球', '阿森纳')","(""13'"", '第2角球', '阿森纳')","(""37'"", '第3角球', '切尔西')","(""58'"", '第4角球', '切尔西')","(""75'"", '第5角球', '切尔西')"
伯恩利,曼联,19/12/29 03:45,"(""21'"", '第1角球', '伯恩利')","(""29'"", '第2角球', '曼联')","(""32'"", '第3角球', '曼联')","(""48'"", '第4角球', '曼联')","(""58'"", '第5角球', '伯恩利')","(""65'"", '第6角球', '曼联')","(""70'"", '第7角球', '伯恩利')","(""70'"", '第8角球', '伯恩利')","(""90+3'"", '第9角球', '伯恩利')"
西汉姆,莱斯特,19/12/29 01:30,"(""8'"", '第1角球', '西汉姆')","(""32'"", '第2角球', '莱斯特')","(""35'"", '第3角球', '莱斯特')","(""45+4'"", '第4角球', '西汉姆')","(""60'"", '第5角球', '西汉姆')","(""60'"", '第6角球', '莱斯特')","(""67'"", '第7角球', '莱斯特')","(""70'"", '第8角球', '莱斯特')","(""72'"", '第9角球', '西汉姆')","(""80'"", '第10角球', '西汉姆')"
诺维奇,托特纳姆热刺,19/12/29 01:30,"(""10'"", '第1角球', '诺维奇')","(""15'"", '第2角球', '诺维奇')","(""16'"", '第3角球', '诺维奇')","(""32'"", '第4角球', '诺维奇')","(""36'"", '第5角球', '托特纳姆热刺')","(""42'"", '第6角球', '托特纳姆热刺')","(""48'"", '第7角球', '托特纳姆热刺')","(""78'"", '第8角球', '托特纳姆热刺')","(""87'"", '第9角球', '托特纳姆热刺')","(""90+8'"", '第10角球', '托特纳姆热刺')"
沃特福德,阿斯顿维拉,19/12/28 23:00,"(""1'"", '第1角球', '沃特福德')","(""8'"", '第2角球', '阿斯顿维拉')","(""11'"", '第3角球', '沃特福德')","(""17'"", '第4角球', '沃特福德')","(""25'"", '第5角球', '阿斯顿维拉')","(""40'"", '第6角球', '沃特福德')","(""47'"", '第7角球', '阿斯顿维拉')","(""48'"", '第8角球', '沃特福德')","(""49'"", '第9角球', '沃特福德')"
纽卡斯尔,埃弗顿,19/12/28 23:00,"(""6'"", '第1角球', '埃弗顿')","(""10'"", '第2角球', '埃弗顿')","(""11'"", '第3角球', '埃弗顿')","(""11'"", '第4角球', '埃弗顿')","(""31'"", '第5角球', '纽卡斯尔')","(""37'"", '第6角球', '纽卡斯尔')","(""38'"", '第7角球', '纽卡斯尔')","(""42'"", '第8角球', '纽卡斯尔')","(""48'"", '第9角球', '埃弗顿')","(""54'"", '第10角球', '埃弗顿')","(""57'"", '第11角球', '纽卡斯尔')","(""82'"", '第12角球', '埃弗顿')","(""90+2'"", '第13角球', '埃弗顿')"
南安普顿,水晶宫,19/12/28 23:00,"(""8'"", '第1角球', '南安普顿')","(""22'"", '第2角球', '南安普顿')","(""30'"", '第3角球', '南安普顿')","(""36'"", '第4角球', '南安普顿')","(""46'"", '第5角球', '南安普顿')","(""58'"", '第6角球', '南安普顿')","(""60'"", '第7角球', '南安普顿')","(""61'"", '第8角球', '南安普顿')","(""72'"", '第9角球', '水晶宫')","(""73'"", '第10角球', '水晶宫')","(""77'"", '第11角球', '南安普顿')","(""79'"", '第12角球', '南安普顿')","(""88'"", '第13角球', '南安普顿')","(""90'"", '第14角球', '水晶宫')","(""90+1'"", '第15角球', '水晶宫')","(""90+2'"", '第16角球', '南安普顿')"
布莱顿,伯恩茅斯,19/12/28 20:30,"(""2'"", '第1角球', '布莱顿')","(""6'"", '第2角球', '布莱顿')","(""19'"", '第3角球', '布莱顿')","(""25'"", '第4角球', '伯恩茅斯')","(""30'"", '第5角球', '布莱顿')","(""33'"", '第6角球', '布莱顿')","(""37'"", '第7角球', '伯恩茅斯')","(""64'"", '第8角球', '布莱顿')","(""75'"", '第9角球', '布莱顿')","(""90'"", '第10角球', '布莱顿')","(""90+1'"", '第11角球', '布莱顿')"
伍尔弗汉普顿,曼城,19/12/28 03:45,"(""20'"", '第1角球', '伍尔弗汉普顿')","(""75'"", '第2角球', '伍尔弗汉普顿')","(""80'"", '第3角球', '伍尔弗汉普顿')","(""90+1'"", '第4角球', '曼城')"
莱斯特,利物浦,19/12/27 04:00,"(""11'"", '第1角球', '莱斯特')","(""16'"", '第2角球', '利物浦')","(""20'"", '第3角球', '利物浦')","(""31'"", '第4角球', '利物浦')","(""35'"", '第5角球', '利物浦')","(""42'"", '第6角球', '利物浦')","(""49'"", '第7角球', '莱斯特')","(""53'"", '第8角球', '利物浦')","(""61'"", '第9角球', '利物浦')","(""70'"", '第10角球', '利物浦')"
曼联,纽卡斯尔,19/12/27 01:30,"(""12'"", '第1角球', '曼联')","(""13'"", '第2角球', '曼联')","(""13'"", '第3角球', '曼联')","(""21'"", '第4角球', '曼联')","(""39'"", '第5角球', '曼联')"
谢菲尔德联,沃特福德,19/12/26 23:10,"(""10'"", '第1角球', '谢菲尔德联')","(""45+1'"", '第2角球', '谢菲尔德联')","(""62'"", '第3角球', '沃特福德')","(""64'"", '第4角球', '谢菲尔德联')","(""73'"", '第5角球', '谢菲尔德联')","(""73'"", '第6角球', '谢菲尔德联')","(""79'"", '第7角球', '谢菲尔德联')","(""86'"", '第8角球', '谢菲尔德联')","(""86'"", '第9角球', '谢菲尔德联')","(""88'"", '第10角球', '谢菲尔德联')"
埃弗顿,伯恩利,19/12/26 23:01,"(""2'"", '第1角球', '伯恩利')","(""8'"", '第2角球', '埃弗顿')","(""13'"", '第3角球', '埃弗顿')","(""28'"", '第4角球', '埃弗顿')","(""30'"", '第5角球', '埃弗顿')","(""39'"", '第6角球', '埃弗顿')","(""44'"", '第7角球', '埃弗顿')","(""44'"", '第8角球', '埃弗顿')","(""47'"", '第9角球', '伯恩利')","(""54'"", '第10角球', '埃弗顿')","(""63'"", '第11角球', '埃弗顿')","(""84'"", '第12角球', '埃弗顿')"
阿斯顿维拉,诺维奇,19/12/26 23:00,"(""14'"", '第1角球', '阿斯顿维拉')","(""15'"", '第2角球', '阿斯顿维拉')","(""17'"", '第3角球', '诺维奇')","(""50'"", '第4角球', '诺维奇')","(""51'"", '第5角球', '诺维奇')","(""52'"", '第6角球', '诺维奇')","(""61'"", '第7角球', '阿斯顿维拉')","(""61'"", '第8角球', '阿斯顿维拉')","(""74'"", '第9角球', '阿斯顿维拉')","(""77'"", '第10角球', '诺维奇')","(""80'"", '第11角球', '诺维奇')","(""83'"", '第12角球', '诺维奇')","(""89'"", '第13角球', '诺维奇')"
伯恩茅斯,阿森纳,19/12/26 23:00,"(""6'"", '第1角球', '伯恩茅斯')","(""15'"", '第2角球', '伯恩茅斯')","(""15'"", '第3角球', '伯恩茅斯')","(""18'"", '第4角球', '阿森纳')","(""24'"", '第5角球', '阿森纳')","(""33'"", '第6角球', '伯恩茅斯')","(""43'"", '第7角球', '伯恩茅斯')","(""52'"", '第8角球', '伯恩茅斯')","(""70'"", '第9角球', '阿森纳')","(""80'"", '第10角球', '伯恩茅斯')","(""90+2'"", '第11角球', '伯恩茅斯')"
切尔西,南安普顿,19/12/26 23:00,"(""21'"", '第1角球', '切尔西')","(""39'"", '第2角球', '切尔西')","(""52'"", '第3角球', '切尔西')","(""54'"", '第4角球', '切尔西')","(""59'"", '第5角球', '切尔西')","(""65'"", '第6角球', '南安普顿')","(""76'"", '第7角球', '切尔西')","(""82'"", '第8角球', '切尔西')","(""90+1'"", '第9角球', '切尔西')"
水晶宫,西汉姆,19/12/26 23:00,"(""6'"", '第1角球', '水晶宫')","(""21'"", '第2角球', '西汉姆')","(""22'"", '第3角球', '水晶宫')","(""35'"", '第4角球', '西汉姆')","(""43'"", '第5角球', '西汉姆')","(""44'"", '第6角球', '西汉姆')","(""54'"", '第7角球', '水晶宫')","(""55'"", '第8角球', '水晶宫')","(""64'"", '第9角球', '西汉姆')","(""66'"", '第10角球', '水晶宫')","(""67'"", '第11角球', '水晶宫')","(""79'"", '第12角球', '西汉姆')","(""81'"", '第13角球', '水晶宫')"
托特纳姆热刺,布莱顿,19/12/26 20:30,"(""5'"", '第1角球', '托特纳姆热刺')","(""23'"", '第2角球', '布莱顿')","(""32'"", '第3角球', '托特纳姆热刺')","(""40'"", '第4角球', '布莱顿')","(""43'"", '第5角球', '托特纳姆热刺')","(""45+3'"", '第6角球', '托特纳姆热刺')","(""46'"", '第7角球', '托特纳姆热刺')","(""64'"", '第8角球', '托特纳姆热刺')","(""74'"", '第9角球', '托特纳姆热刺')","(""90+1'"", '第10角球', '托特纳姆热刺')","(""90+1'"", '第11角球', '托特纳姆热刺')"
托特纳姆热刺,切尔西,19/12/23 00:30,"(""8'"", '第1角球', '切尔西')","(""12'"", '第2角球', '切尔西')","(""15'"", '第3角球', '切尔西')","(""22'"", '第4角球', '切尔西')","(""74'"", '第5角球', '切尔西')","(""76'"", '第6角球', '托特纳姆热刺')","(""87'"", '第7角球', '托特纳姆热刺')","(""90+1'"", '第8角球', '托特纳姆热刺')"
沃特福德,曼联,19/12/22 22:00,"(""8'"", '第1角球', '沃特福德')","(""12'"", '第2角球', '曼联')","(""18'"", '第3角球', '沃特福德')","(""28'"", '第4角球', '曼联')","(""62'"", '第5角球', '沃特福德')","(""67'"", '第6角球', '曼联')","(""81'"", '第7角球', '曼联')","(""83'"", '第8角球', '曼联')"
曼城,莱斯特,19/12/22 01:30,"(""13'"", '第1角球', '曼城')","(""25'"", '第2角球', '曼城')","(""25'"", '第3角球', '曼城')","(""30'"", '第4角球', '曼城')","(""74'"", '第5角球', '曼城')","(""75'"", '第6角球', '曼城')"
阿斯顿维拉,南安普顿,19/12/21 23:00,"(""24'"", '第1角球', '南安普顿')","(""30'"", '第2角球', '南安普顿')","(""40'"", '第3角球', '南安普顿')","(""42'"", '第4角球', '南安普顿')","(""45+3'"", '第5角球', '阿斯顿维拉')","(""45+5'"", '第6角球', '南安普顿')","(""46'"", '第7角球', '阿斯顿维拉')","(""64'"", '第8角球', '阿斯顿维拉')","(""74'"", '第9角球', '阿斯顿维拉')","(""74'"", '第10角球', '阿斯顿维拉')","(""81'"", '第11角球', '阿斯顿维拉')","(""90+2'"", '第12角球', '阿斯顿维拉')"
诺维奇,伍尔弗汉普顿,19/12/21 23:00,"(""3'"", '第1角球', '伍尔弗汉普顿')","(""6'"", '第2角球', '诺维奇')","(""24'"", '第3角球', '诺维奇')","(""29'"", '第4角球', '伍尔弗汉普顿')","(""30'"", '第5角球', '伍尔弗汉普顿')","(""34'"", '第6角球', '伍尔弗汉普顿')","(""39'"", '第7角球', '诺维奇')","(""45'"", '第8角球', '伍尔弗汉普顿')","(""60'"", '第9角球', '伍尔弗汉普顿')","(""65'"", '第10角球', '伍尔弗汉普顿')","(""67'"", '第11角球', '伍尔弗汉普顿')","(""74'"", '第12角球', '伍尔弗汉普顿')","(""83'"", '第13角球', '伍尔弗汉普顿')","(""84'"", '第14角球', '伍尔弗汉普顿')"
布莱顿,谢菲尔德联,19/12/21 23:00,"(""7'"", '第1角球', '谢菲尔德联')","(""7'"", '第2角球', '谢菲尔德联')","(""41'"", '第3角球', '谢菲尔德联')","(""59'"", '第4角球', '布莱顿')","(""73'"", '第5角球', '布莱顿')","(""80'"", '第6角球', '布莱顿')","(""90+2'"", '第7角球', '布莱顿')"
纽卡斯尔,水晶宫,19/12/21 23:00,"(""32'"", '第1角球', '水晶宫')","(""48'"", '第2角球', '纽卡斯尔')","(""49'"", '第3角球', '纽卡斯尔')","(""51'"", '第4角球', '水晶宫')","(""65'"", '第5角球', '水晶宫')","(""66'"", '第6角球', '纽卡斯尔')","(""71'"", '第7角球', '水晶宫')","(""74'"", '第8角球', '水晶宫')","(""80'"", '第9角球', '纽卡斯尔')"
伯恩茅斯,伯恩利,19/12/21 23:00,"(""5'"", '第1角球', '伯恩利')","(""23'"", '第2角球', '伯恩利')","(""39'"", '第3角球', '伯恩利')","(""39'"", '第4角球', '伯恩利')","(""53'"", '第5角球', '伯恩利')","(""66'"", '第6角球', '伯恩茅斯')","(""73'"", '第7角球', '伯恩茅斯')","(""75'"", '第8角球', '伯恩茅斯')","(""76'"", '第9角球', '伯恩茅斯')"
埃弗顿,阿森纳,19/12/21 20:30,"(""3'"", '第1角球', '埃弗顿')","(""8'"", '第2角球', '埃弗顿')","(""50'"", '第3角球', '阿森纳')","(""51'"", '第4角球', '阿森纳')","(""51'"", '第5角球', '阿森纳')","(""55'"", '第6角球', '埃弗顿')","(""59'"", '第7角球', '阿森纳')","(""66'"", '第8角球', '埃弗顿')","(""69'"", '第9角球', '埃弗顿')"
水晶宫,布莱顿,19/12/17 03:45,"(""5'"", '第1角球', '布莱顿')","(""22'"", '第2角球', '布莱顿')","(""45+1'"", '第3角球', '布莱顿')","(""54'"", '第4角球', '布莱顿')","(""58'"", '第5角球', '布莱顿')","(""61'"", '第6角球', '布莱顿')","(""62'"", '第7角球', '布莱顿')","(""68'"", '第8角球', '水晶宫')","(""73'"", '第9角球', '水晶宫')","(""90+1'"", '第10角球', '水晶宫')"
阿森纳,曼城,19/12/16 00:30,"(""1'"", '第1角球', '阿森纳')","(""10'"", '第2角球', '阿森纳')","(""45'"", '第3角球', '曼城')","(""64'"", '第4角球', '阿森纳')","(""69'"", '第5角球', '曼城')","(""69'"", '第6角球', '曼城')"
曼联,埃弗顿,19/12/15 22:00,"(""2'"", '第1角球', '埃弗顿')","(""3'"", '第2角球', '埃弗顿')","(""22'"", '第3角球', '曼联')","(""32'"", '第4角球', '埃弗顿')","(""36'"", '第5角球', '埃弗顿')","(""45'"", '第6角球', '曼联')","(""59'"", '第7角球', '曼联')","(""59'"", '第8角球', '曼联')","(""69'"", '第9角球', '曼联')","(""72'"", '第10角球', '曼联')","(""84'"", '第11角球', '埃弗顿')"
伍尔弗汉普顿,托特纳姆热刺,19/12/15 22:00,"(""5'"", '第1角球', '伍尔弗汉普顿')","(""7'"", '第2角球', '伍尔弗汉普顿')","(""12'"", '第3角球', '托特纳姆热刺')","(""20'"", '第4角球', '伍尔弗汉普顿')","(""27'"", '第5角球', '伍尔弗汉普顿')","(""32'"", '第6角球', '伍尔弗汉普顿')","(""39'"", '第7角球', '伍尔弗汉普顿')","(""51'"", '第8角球', '伍尔弗汉普顿')","(""51'"", '第9角球', '伍尔弗汉普顿')","(""56'"", '第10角球', '伍尔弗汉普顿')","(""82'"", '第11角球', '伍尔弗汉普顿')","(""90'"", '第12角球', '托特纳姆热刺')","(""90+4'"", '第13角球', '伍尔弗汉普顿')"
南安普顿,西汉姆,19/12/15 01:30,"(""7'"", '第1角球', '西汉姆')","(""8'"", '第2角球', '西汉姆')","(""9'"", '第3角球', '西汉姆')","(""11'"", '第4角球', '南安普顿')","(""29'"", '第5角球', '西汉姆')","(""46'"", '第6角球', '西汉姆')","(""49'"", '第7角球', '南安普顿')","(""60'"", '第8角球', '西汉姆')","(""63'"", '第9角球', '南安普顿')","(""64'"", '第10角球', '南安普顿')","(""78'"", '第11角球', '西汉姆')","(""82'"", '第12角球', '西汉姆')","(""90+2'"", '第13角球', '南安普顿')"
伯恩利,纽卡斯尔,19/12/14 23:00,"(""11'"", '第1角球', '伯恩利')","(""13'"", '第2角球', '伯恩利')","(""14'"", '第3角球', '伯恩利')","(""27'"", '第4角球', '纽卡斯尔')","(""57'"", '第5角球', '伯恩利')","(""74'"", '第6角球', '纽卡斯尔')","(""75'"", '第7角球', '纽卡斯尔')"
莱斯特,诺维奇,19/12/14 23:00,"(""11'"", '第1角球', '诺维奇')","(""20'"", '第2角球', '莱斯特')","(""21'"", '第3角球', '莱斯特')","(""27'"", '第4角球', '莱斯特')","(""37'"", '第5角球', '莱斯特')","(""57'"", '第6角球', '莱斯特')","(""59'"", '第7角球', '莱斯特')","(""69'"", '第8角球', '诺维奇')","(""71'"", '第9角球', '莱斯特')","(""71'"", '第10角球', '莱斯特')","(""75'"", '第11角球', '莱斯特')","(""79'"", '第12角球', '诺维奇')","(""80'"", '第13角球', '莱斯特')","(""83'"", '第14角球', '莱斯特')","(""87'"", '第15角球', '诺维奇')","(""90+2'"", '第16角球', '莱斯特')"
谢菲尔德联,阿斯顿维拉,19/12/14 23:00,"(""16'"", '第1角球', '阿斯顿维拉')","(""62'"", '第2角球', '谢菲尔德联')","(""65'"", '第3角球', '谢菲尔德联')","(""85'"", '第4角球', '谢菲尔德联')","(""90+5'"", '第5角球', '阿斯顿维拉')"
切尔西,伯恩茅斯,19/12/14 23:00,"(""24'"", '第1角球', '切尔西')","(""24'"", '第2角球', '切尔西')","(""29'"", '第3角球', '切尔西')","(""39'"", '第4角球', '切尔西')","(""42'"", '第5角球', '伯恩茅斯')","(""43'"", '第6角球', '伯恩茅斯')","(""45+2'"", '第7角球', '切尔西')","(""56'"", '第8角球', '切尔西')","(""59'"", '第9角球', '切尔西')","(""61'"", '第10角球', '切尔西')","(""62'"", '第11角球', '伯恩茅斯')","(""83'"", '第12角球', '伯恩茅斯')","(""90+3'"", '第13角球', '切尔西')"
利物浦,沃特福德,19/12/14 20:30,"(""15'"", '第1角球', '利物浦')","(""21'"", '第2角球', '沃特福德')","(""36'"", '第3角球', '利物浦')","(""37'"", '第4角球', '沃特福德')","(""47'"", '第5角球', '利物浦')","(""50'"", '第6角球', '利物浦')","(""76'"", '第7角球', '利物浦')","(""81'"", '第8角球', '沃特福德')","(""87'"", '第9角球', '利物浦')"
西汉姆,阿森纳,19/12/10 04:00,"(""6'"", '第1角球', '西汉姆')","(""10'"", '第2角球', '阿森纳')","(""38'"", '第3角球', '西汉姆')","(""47'"", '第4角球', '西汉姆')","(""53'"", '第5角球', '阿森纳')","(""55'"", '第6角球', '西汉姆')","(""90+4'"", '第7角球', '阿森纳')"
布莱顿,伍尔弗汉普顿,19/12/09 00:30,"(""3'"", '第1角球', '布莱顿')","(""13'"", '第2角球', '伍尔弗汉普顿')","(""13'"", '第3角球', '伍尔弗汉普顿')","(""42'"", '第4角球', '伍尔弗汉普顿')","(""44'"", '第5角球', '布莱顿')","(""54'"", '第6角球', '布莱顿')","(""62'"", '第7角球', '伍尔弗汉普顿')"
阿斯顿维拉,莱斯特,19/12/08 22:01,"(""5'"", '第1角球', '阿斯顿维拉')","(""6'"", '第2角球', '阿斯顿维拉')","(""9'"", '第3角球', '阿斯顿维拉')","(""16'"", '第4角球', '莱斯特')","(""25'"", '第5角球', '阿斯顿维拉')","(""26'"", '第6角球', '莱斯特')","(""45'"", '第7角球', '莱斯特')","(""45+2'"", '第8角球', '阿斯顿维拉')","(""49'"", '第9角球', '莱斯特')","(""56'"", '第10角球', '莱斯特')","(""65'"", '第11角球', '阿斯顿维拉')","(""75'"", '第12角球', '阿斯顿维拉')","(""79'"", '第13角球', '阿斯顿维拉')"
纽卡斯尔,南安普顿,19/12/08 22:01,"(""8'"", '第1角球', '南安普顿')","(""18'"", '第2角球', '南安普顿')","(""26'"", '第3角球', '南安普顿')","(""29'"", '第4角球', '纽卡斯尔')","(""32'"", '第5角球', '南安普顿')","(""35'"", '第6角球', '纽卡斯尔')","(""54'"", '第7角球', '南安普顿')","(""55'"", '第8角球', '南安普顿')","(""70'"", '第9角球', '南安普顿')","(""72'"", '第10角球', '南安普顿')","(""80'"", '第11角球', '南安普顿')","(""81'"", '第12角球', '南安普顿')","(""86'"", '第13角球', '纽卡斯尔')","(""90+3'"", '第14角球', '南安普顿')","(""90+4'"", '第15角球', '南安普顿')"
诺维奇,谢菲尔德联,19/12/08 22:00,"(""4'"", '第1角球', '诺维奇')","(""7'"", '第2角球', '诺维奇')","(""12'"", '第3角球', '诺维奇')","(""27'"", '第4角球', '诺维奇')","(""38'"", '第5角球', '诺维奇')","(""44'"", '第6角球', '诺维奇')","(""57'"", '第7角球', '诺维奇')","(""57'"", '第8角球', '诺维奇')","(""70'"", '第9角球', '谢菲尔德联')","(""82'"", '第10角球', '诺维奇')"
曼城,曼联,19/12/08 01:30,"(""5'"", '第1角球', '曼城')","(""17'"", '第2角球', '曼城')","(""25'"", '第3角球', '曼城')","(""45+3'"", '第4角球', '曼城')","(""47'"", '第5角球', '曼城')","(""56'"", '第6角球', '曼城')","(""56'"", '第7角球', '曼城')","(""61'"", '第8角球', '曼城')","(""61'"", '第9角球', '曼城')","(""65'"", '第10角球', '曼城')","(""68'"", '第11角球', '曼联')","(""71'"", '第12角球', '曼城')","(""72'"", '第13角球', '曼城')","(""76'"", '第14角球', '曼城')","(""77'"", '第15角球', '曼城')","(""85'"", '第16角球', '曼城')","(""90+2'"", '第17角球', '曼联')","(""90+2'"", '第18角球', '曼联')","(""90+5'"", '第19角球', '曼城')"
托特纳姆热刺,伯恩利,19/12/07 23:00,"(""6'"", '第1角球', '托特纳姆热刺')","(""21'"", '第2角球', '伯恩利')"
沃特福德,水晶宫,19/12/07 23:00,"(""2'"", '第1角球', '沃特福德')","(""11'"", '第2角球', '沃特福德')","(""37'"", '第3角球', '沃特福德')","(""54'"", '第4角球', '水晶宫')","(""63'"", '第5角球', '沃特福德')","(""66'"", '第6角球', '沃特福德')","(""81'"", '第7角球', '水晶宫')","(""84'"", '第8角球', '沃特福德')"
伯恩茅斯,利物浦,19/12/07 23:00,"(""21'"", '第1角球', '伯恩茅斯')","(""43'"", '第2角球', '利物浦')","(""45+3'"", '第3角球', '利物浦')","(""63'"", '第4角球', '利物浦')"
埃弗顿,切尔西,19/12/07 20:30,"(""14'"", '第1角球', '切尔西')","(""16'"", '第2角球', '切尔西')","(""25'"", '第3角球', '切尔西')","(""45+1'"", '第4角球', '埃弗顿')","(""58'"", '第5角球', '切尔西')","(""82'"", '第6角球', '切尔西')"
阿森纳,布莱顿,19/12/06 04:15,"(""5'"", '第1角球', '阿森纳')","(""7'"", '第2角球', '布莱顿')","(""9'"", '第3角球', '阿森纳')","(""10'"", '第4角球', '阿森纳')","(""24'"", '第5角球', '布莱顿')","(""26'"", '第6角球', '布莱顿')","(""36'"", '第7角球', '布莱顿')","(""41'"", '第8角球', '阿森纳')","(""43'"", '第9角球', '布莱顿')","(""48'"", '第10角球', '阿森纳')","(""50'"", '第11角球', '阿森纳')","(""53'"", '第12角球', '布莱顿')","(""60'"", '第13角球', '布莱顿')","(""62'"", '第14角球', '布莱顿')","(""67'"", '第15角球', '阿森纳')","(""76'"", '第16角球', '布莱顿')","(""88'"", '第17角球', '阿森纳')","(""90'"", '第18角球', '阿森纳')"
谢菲尔德联,纽卡斯尔,19/12/06 03:30,"(""5'"", '第1角球', '谢菲尔德联')","(""10'"", '第2角球', '谢菲尔德联')","(""17'"", '第3角球', '纽卡斯尔')","(""21'"", '第4角球', '谢菲尔德联')","(""34'"", '第5角球', '谢菲尔德联')","(""35'"", '第6角球', '谢菲尔德联')","(""53'"", '第7角球', '谢菲尔德联')","(""68'"", '第8角球', '谢菲尔德联')","(""87'"", '第9角球', '谢菲尔德联')"
利物浦,埃弗顿,19/12/05 04:15,"(""19'"", '第1角球', '埃弗顿')","(""21'"", '第2角球', '埃弗顿')","(""36'"", '第3角球', '利物浦')","(""44'"", '第4角球', '埃弗顿')","(""54'"", '第5角球', '利物浦')","(""54'"", '第6角球', '利物浦')","(""55'"", '第7角球', '利物浦')","(""61'"", '第8角球', '埃弗顿')","(""80'"", '第9角球', '埃弗顿')","(""84'"", '第10角球', '埃弗顿')","(""90'"", '第11角球', '利物浦')"
曼联,托特纳姆热刺,19/12/05 03:31,"(""23'"", '第1角球', '曼联')","(""27'"", '第2角球', '曼联')","(""45+2'"", '第3角球', '曼联')","(""55'"", '第4角球', '托特纳姆热刺')","(""68'"", '第5角球', '曼联')","(""70'"", '第6角球', '托特纳姆热刺')","(""90+2'"", '第7角球', '托特纳姆热刺')"
南安普顿,诺维奇,19/12/05 03:30,"(""34'"", '第1角球', '南安普顿')","(""42'"", '第2角球', '南安普顿')","(""44'"", '第3角球', '南安普顿')","(""45'"", '第4角球', '南安普顿')","(""45'"", '第5角球', '南安普顿')","(""45+1'"", '第6角球', '南安普顿')","(""46'"", '第7角球', '诺维奇')"
伍尔弗汉普顿,西汉姆,19/12/05 03:30,"(""11'"", '第1角球', '西汉姆')","(""15'"", '第2角球', '西汉姆')","(""22'"", '第3角球', '伍尔弗汉普顿')","(""22'"", '第4角球', '伍尔弗汉普顿')","(""28'"", '第5角球', '西汉姆')","(""32'"", '第6角球', '西汉姆')","(""36'"", '第7角球', '伍尔弗汉普顿')","(""53'"", '第8角球', '伍尔弗汉普顿')","(""63'"", '第9角球', '伍尔弗汉普顿')"
莱斯特,沃特福德,19/12/05 03:30,"(""22'"", '第1角球', '莱斯特')","(""23'"", '第2角球', '沃特福德')","(""36'"", '第3角球', '莱斯特')","(""52'"", '第4角球', '莱斯特')","(""59'"", '第5角球', '莱斯特')","(""61'"", '第6角球', '莱斯特')","(""73'"", '第7角球', '莱斯特')","(""74'"", '第8角球', '沃特福德')","(""86'"", '第9角球', '莱斯特')"
切尔西,阿斯顿维拉,19/12/05 03:30,"(""5'"", '第1角球', '切尔西')","(""32'"", '第2角球', '阿斯顿维拉')","(""32'"", '第3角球', '阿斯顿维拉')","(""33'"", '第4角球', '阿斯顿维拉')","(""33'"", '第5角球', '切尔西')","(""45+1'"", '第6角球', '切尔西')","(""50'"", '第7角球', '切尔西')","(""53'"", '第8角球', '切尔西')","(""54'"", '第9角球', '切尔西')","(""61'"", '第10角球', '切尔西')","(""72'"", '第11角球', '切尔西')","(""75'"", '第12角球', '阿斯顿维拉')","(""77'"", '第13角球', '切尔西')","(""85'"", '第14角球', '阿斯顿维拉')"
伯恩利,曼城,19/12/04 04:15,"(""6'"", '第1角球', '曼城')","(""11'"", '第2角球', '曼城')","(""23'"", '第3角球', '曼城')","(""38'"", '第4角球', '伯恩利')","(""40'"", '第5角球', '曼城')","(""57'"", '第6角球', '曼城')","(""62'"", '第7角球', '伯恩利')","(""63'"", '第8角球', '伯恩利')","(""78'"", '第9角球', '曼城')"
水晶宫,伯恩茅斯,19/12/04 03:31,"(""5'"", '第1角球', '伯恩茅斯')","(""8'"", '第2角球', '水晶宫')","(""10'"", '第3角球', '水晶宫')","(""15'"", '第4角球', '伯恩茅斯')","(""36'"", '第5角球', '水晶宫')","(""37'"", '第6角球', '水晶宫')","(""47'"", '第7角球', '伯恩茅斯')","(""51'"", '第8角球', '伯恩茅斯')","(""51'"", '第9角球', '伯恩茅斯')","(""53'"", '第10角球', '水晶宫')","(""67'"", '第11角球', '伯恩茅斯')","(""73'"", '第12角球', '伯恩茅斯')","(""79'"", '第13角球', '水晶宫')","(""81'"", '第14角球', '伯恩茅斯')","(""87'"", '第15角球', '伯恩茅斯')"
曼联,阿斯顿维拉,19/12/02 00:30,"(""19'"", '第1角球', '阿斯顿维拉')","(""28'"", '第2角球', '阿斯顿维拉')","(""32'"", '第3角球', '阿斯顿维拉')","(""38'"", '第4角球', '曼联')","(""42'"", '第5角球', '曼联')","(""45+1'"", '第6角球', '阿斯顿维拉')","(""48'"", '第7角球', '阿斯顿维拉')","(""50'"", '第8角球', '曼联')","(""55'"", '第9角球', '阿斯顿维拉')","(""64'"", '第10角球', '曼联')","(""65'"", '第11角球', '阿斯顿维拉')","(""72'"", '第12角球', '曼联')","(""77'"", '第13角球', '阿斯顿维拉')","(""86'"", '第14角球', '曼联')","(""89'"", '第15角球', '曼联')","(""90'"", '第16角球', '阿斯顿维拉')","(""90+2'"", '第17角球', '曼联')","(""90+3'"", '第18角球', '曼联')"
莱斯特,埃弗顿,19/12/02 00:30,"(""37'"", '第1角球', '埃弗顿')","(""45+3'"", '第2角球', '莱斯特')","(""49'"", '第3角球', '莱斯特')","(""50'"", '第4角球', '埃弗顿')","(""51'"", '第5角球', '埃弗顿')","(""54'"", '第6角球', '莱斯特')","(""60'"", '第7角球', '埃弗顿')","(""87'"", '第8角球', '莱斯特')"
伍尔弗汉普顿,谢菲尔德联,19/12/01 22:00,"(""7'"", '第1角球', '伍尔弗汉普顿')","(""13'"", '第2角球', '伍尔弗汉普顿')","(""18'"", '第3角球', '谢菲尔德联')","(""34'"", '第4角球', '伍尔弗汉普顿')","(""38'"", '第5角球', '谢菲尔德联')","(""78'"", '第6角球', '伍尔弗汉普顿')","(""79'"", '第7角球', '伍尔弗汉普顿')","(""88'"", '第8角球', '伍尔弗汉普顿')","(""89'"", '第9角球', '伍尔弗汉普顿')"
诺维奇,阿森纳,19/12/01 22:00,"(""5'"", '第1角球', '阿森纳')","(""10'"", '第2角球', '阿森纳')","(""12'"", '第3角球', '阿森纳')","(""19'"", '第4角球', '阿森纳')","(""19'"", '第5角球', '阿森纳')","(""31'"", '第6角球', '阿森纳')","(""32'"", '第7角球', '阿森纳')","(""40'"", '第8角球', '诺维奇')","(""53'"", '第9角球', '阿森纳')","(""57'"", '第10角球', '阿森纳')","(""60'"", '第11角球', '诺维奇')","(""65'"", '第12角球', '阿森纳')","(""69'"", '第13角球', '诺维奇')","(""73'"", '第14角球', '诺维奇')","(""80'"", '第15角球', '阿森纳')","(""87'"", '第16角球', '诺维奇')","(""88'"", '第17角球', '诺维奇')","(""90+1'"", '第18角球', '诺维奇')","(""90+3'"", '第19角球', '阿森纳')"
南安普顿,沃特福德,19/12/01 01:31,"(""21'"", '第1角球', '沃特福德')","(""25'"", '第2角球', '南安普顿')","(""30'"", '第3角球', '沃特福德')","(""33'"", '第4角球', '沃特福德')","(""40'"", '第5角球', '南安普顿')","(""58'"", '第6角球', '南安普顿')","(""58'"", '第7角球', '南安普顿')","(""63'"", '第8角球', '南安普顿')","(""71'"", '第9角球', '南安普顿')","(""73'"", '第10角球', '沃特福德')","(""90+2'"", '第11角球', '沃特福德')","(""90+4'"", '第12角球', '沃特福德')","(""90+6'"", '第13角球', '沃特福德')"
利物浦,布莱顿,19/11/30 23:00,"(""4'"", '第1角球', '布莱顿')","(""20'"", '第2角球', '利物浦')","(""23'"", '第3角球', '利物浦')","(""36'"", '第4角球', '布莱顿')","(""40'"", '第5角球', '布莱顿')","(""41'"", '第6角球', '布莱顿')","(""54'"", '第7角球', '布莱顿')","(""65'"", '第8角球', '利物浦')","(""67'"", '第9角球', '利物浦')"
伯恩利,水晶宫,19/11/30 23:00,"(""29'"", '第1角球', '水晶宫')","(""33'"", '第2角球', '水晶宫')","(""34'"", '第3角球', '水晶宫')","(""59'"", '第4角球', '伯恩利')","(""70'"", '第5角球', '水晶宫')","(""73'"", '第6角球', '伯恩利')","(""81'"", '第7角球', '水晶宫')","(""85'"", '第8角球', '伯恩利')","(""87'"", '第9角球', '水晶宫')","(""90+3'"", '第10角球', '伯恩利')","(""90+5'"", '第11角球', '伯恩利')"
切尔西,西汉姆,19/11/30 23:00,"(""21'"", '第1角球', '切尔西')","(""22'"", '第2角球', '切尔西')","(""27'"", '第3角球', '切尔西')","(""32'"", '第4角球', '切尔西')","(""32'"", '第5角球', '切尔西')","(""39'"", '第6角球', '切尔西')","(""56'"", '第7角球', '切尔西')","(""59'"", '第8角球', '西汉姆')","(""60'"", '第9角球', '西汉姆')","(""67'"", '第10角球', '西汉姆')","(""86'"", '第11角球', '切尔西')","(""90+1'"", '第12角球', '切尔西')"
托特纳姆热刺,伯恩茅斯,19/11/30 23:00,"(""4'"", '第1角球', '伯恩茅斯')","(""15'"", '第2角球', '伯恩茅斯')","(""25'"", '第3角球', '托特纳姆热刺')","(""34'"", '第4角球', '托特纳姆热刺')","(""35'"", '第5角球', '托特纳姆热刺')","(""52'"", '第6角球', '伯恩茅斯')","(""71'"", '第7角球', '伯恩茅斯')","(""77'"", '第8角球', '托特纳姆热刺')","(""81'"", '第9角球', '伯恩茅斯')","(""82'"", '第10角球', '伯恩茅斯')","(""86'"", '第11角球', '伯恩茅斯')","(""90+2'"", '第12角球', '伯恩茅斯')"
纽卡斯尔,曼城,19/11/30 20:30,"(""14'"", '第1角球', '曼城')","(""17'"", '第2角球', '曼城')","(""18'"", '第3角球', '曼城')","(""27'"", '第4角球', '纽卡斯尔')","(""36'"", '第5角球', '曼城')","(""51'"", '第6角球', '曼城')","(""68'"", '第7角球', '曼城')","(""76'"", '第8角球', '曼城')","(""78'"", '第9角球', '曼城')","(""81'"", '第10角球', '曼城')","(""86'"", '第11角球', '曼城')"
阿斯顿维拉,纽卡斯尔,19/11/26 04:00,"(""3'"", '第1角球', '阿斯顿维拉')","(""11'"", '第2角球', '纽卡斯尔')","(""18'"", '第3角球', '阿斯顿维拉')","(""29'"", '第4角球', '阿斯顿维拉')","(""41'"", '第5角球', '阿斯顿维拉')","(""43'"", '第6角球', '纽卡斯尔')","(""43'"", '第7角球', '纽卡斯尔')","(""47'"", '第8角球', '纽卡斯尔')","(""50'"", '第9角球', '纽卡斯尔')","(""53'"", '第10角球', '阿斯顿维拉')","(""53'"", '第11角球', '阿斯顿维拉')","(""55'"", '第12角球', '阿斯顿维拉')","(""57'"", '第13角球', '阿斯顿维拉')","(""57'"", '第14角球', '阿斯顿维拉')","(""61'"", '第15角球', '纽卡斯尔')","(""84'"", '第16角球', '阿斯顿维拉')","(""90+1'"", '第17角球', '阿斯顿维拉')"
谢菲尔德联,曼联,19/11/25 00:30,"(""3'"", '第1角球', '谢菲尔德联')","(""23'"", '第2角球', '谢菲尔德联')","(""30'"", '第3角球', '谢菲尔德联')","(""35'"", '第4角球', '谢菲尔德联')","(""36'"", '第5角球', '谢菲尔德联')","(""38'"", '第6角球', '曼联')","(""56'"", '第7角球', '曼联')","(""85'"", '第8角球', '曼联')","(""89'"", '第9角球', '谢菲尔德联')"
曼城,切尔西,19/11/24 01:30,"(""15'"", '第1角球', '切尔西')","(""24'"", '第2角球', '曼城')","(""24'"", '第3角球', '曼城')","(""54'"", '第4角球', '切尔西')","(""55'"", '第5角球', '曼城')","(""56'"", '第6角球', '曼城')","(""65'"", '第7角球', '曼城')","(""65'"", '第8角球', '曼城')","(""75'"", '第9角球', '曼城')","(""86'"", '第10角球', '曼城')"
沃特福德,伯恩利,19/11/23 23:01,"(""20'"", '第1角球', '伯恩利')","(""32'"", '第2角球', '沃特福德')","(""39'"", '第3角球', '沃特福德')","(""40'"", '第4角球', '沃特福德')","(""48'"", '第5角球', '沃特福德')","(""50'"", '第6角球', '沃特福德')","(""50'"", '第7角球', '沃特福德')","(""52'"", '第8角球', '伯恩利')","(""52'"", '第9角球', '伯恩利')","(""70'"", '第10角球', '沃特福德')","(""74'"", '第11角球', '伯恩利')","(""79'"", '第12角球', '伯恩利')"
阿森纳,南安普顿,19/11/23 23:01,"(""10'"", '第1角球', '阿森纳')","(""11'"", '第2角球', '南安普顿')","(""12'"", '第3角球', '南安普顿')","(""21'"", '第4角球', '南安普顿')","(""47'"", '第5角球', '南安普顿')","(""49'"", '第6角球', '阿森纳')","(""51'"", '第7角球', '阿森纳')","(""53'"", '第8角球', '南安普顿')","(""54'"", '第9角球', '南安普顿')","(""78'"", '第10角球', '阿森纳')","(""82'"", '第11角球', '南安普顿')","(""84'"", '第12角球', '阿森纳')","(""84'"", '第13角球', '阿森纳')","(""90+2'"", '第14角球', '南安普顿')"
埃弗顿,诺维奇,19/11/23 23:00,"(""11'"", '第1角球', '诺维奇')","(""11'"", '第2角球', '埃弗顿')","(""17'"", '第3角球', '埃弗顿')","(""25'"", '第4角球', '诺维奇')","(""28'"", '第5角球', '埃弗顿')","(""33'"", '第6角球', '埃弗顿')","(""38'"", '第7角球', '诺维奇')","(""41'"", '第8角球', '诺维奇')","(""43'"", '第9角球', '埃弗顿')","(""45'"", '第10角球', '诺维奇')","(""51'"", '第11角球', '埃弗顿')","(""52'"", '第12角球', '埃弗顿')","(""63'"", '第13角球', '诺维奇')","(""65'"", '第14角球', '诺维奇')"
布莱顿,莱斯特,19/11/23 23:00,"(""3'"", '第1角球', '莱斯特')","(""7'"", '第2角球', '莱斯特')","(""9'"", '第3角球', '莱斯特')","(""21'"", '第4角球', '莱斯特')","(""27'"", '第5角球', '布莱顿')","(""29'"", '第6角球', '莱斯特')","(""31'"", '第7角球', '莱斯特')","(""41'"", '第8角球', '布莱顿')","(""60'"", '第9角球', '布莱顿')","(""63'"", '第10角球', '布莱顿')","(""67'"", '第11角球', '布莱顿')","(""73'"", '第12角球', '布莱顿')","(""90'"", '第13角球', '莱斯特')"
水晶宫,利物浦,19/11/23 23:00,"(""4'"", '第1角球', '利物浦')","(""7'"", '第2角球', '水晶宫')","(""13'"", '第3角球', '水晶宫')","(""13'"", '第4角球', '水晶宫')","(""21'"", '第5角球', '水晶宫')","(""25'"", '第6角球', '利物浦')","(""33'"", '第7角球', '利物浦')","(""37'"", '第8角球', '利物浦')","(""45+2'"", '第9角球', '利物浦')","(""47'"", '第10角球', '水晶宫')","(""52'"", '第11角球', '水晶宫')","(""60'"", '第12角球', '水晶宫')","(""61'"", '第13角球', '利物浦')","(""65'"", '第14角球', '利物浦')","(""75'"", '第15角球', '水晶宫')","(""84'"", '第16角球', '利物浦')","(""90+1'"", '第17角球', '水晶宫')"
伯恩茅斯,伍尔弗汉普顿,19/11/23 23:00,"(""1'"", '第1角球', '伍尔弗汉普顿')","(""39'"", '第2角球', '伍尔弗汉普顿')","(""53'"", '第3角球', '伍尔弗汉普顿')","(""54'"", '第4角球', '伍尔弗汉普顿')","(""59'"", '第5角球', '伯恩茅斯')","(""61'"", '第6角球', '伍尔弗汉普顿')","(""65'"", '第7角球', '伯恩茅斯')","(""67'"", '第8角球', '伍尔弗汉普顿')","(""75'"", '第9角球', '伍尔弗汉普顿')","(""78'"", '第10角球', '伯恩茅斯')","(""79'"", '第11角球', '伍尔弗汉普顿')","(""82'"", '第12角球', '伯恩茅斯')","(""88'"", '第13角球', '伍尔弗汉普顿')","(""90+2'"", '第14角球', '伯恩茅斯')"
西汉姆,托特纳姆热刺,19/11/23 20:30,"(""32'"", '第1角球', '托特纳姆热刺')","(""32'"", '第2角球', '托特纳姆热刺')","(""32'"", '第3角球', '托特纳姆热刺')","(""34'"", '第4角球', '托特纳姆热刺')","(""45+2'"", '第5角球', '托特纳姆热刺')","(""45+3'"", '第6角球', '托特纳姆热刺')","(""64'"", '第7角球', '托特纳姆热刺')","(""89'"", '第8角球', '西汉姆')","(""90+3'"", '第9角球', '西汉姆')","(""90+6'"", '第10角球', '西汉姆')"
利物浦,曼城,19/11/11 00:30,"(""2'"", '第1角球', '曼城')","(""5'"", '第2角球', '曼城')","(""22'"", '第3角球', '利物浦')","(""23'"", '第4角球', '曼城')","(""29'"", '第5角球', '曼城')","(""33'"", '第6角球', '利物浦')","(""35'"", '第7角球', '曼城')","(""48'"", '第8角球', '曼城')","(""49'"", '第9角球', '曼城')","(""53'"", '第10角球', '曼城')","(""54'"", '第11角球', '曼城')","(""58'"", '第12角球', '利物浦')","(""59'"", '第13角球', '曼城')","(""67'"", '第14角球', '曼城')","(""73'"", '第15角球', '利物浦')","(""75'"", '第16角球', '曼城')","(""90+2'"", '第17角球', '曼城')"
伍尔弗汉普顿,阿斯顿维拉,19/11/10 22:00,"(""4'"", '第1角球', '伍尔弗汉普顿')","(""49'"", '第2角球', '伍尔弗汉普顿')","(""53'"", '第3角球', '阿斯顿维拉')","(""55'"", '第4角球', '伍尔弗汉普顿')","(""57'"", '第5角球', '伍尔弗汉普顿')","(""61'"", '第6角球', '阿斯顿维拉')","(""66'"", '第7角球', '伍尔弗汉普顿')","(""74'"", '第8角球', '伍尔弗汉普顿')","(""90+2'"", '第9角球', '阿斯顿维拉')"
曼联,布莱顿,19/11/10 22:00,"(""9'"", '第1角球', '曼联')","(""32'"", '第2角球', '布莱顿')","(""43'"", '第3角球', '曼联')","(""44'"", '第4角球', '曼联')","(""46'"", '第5角球', '曼联')","(""54'"", '第6角球', '曼联')","(""64'"", '第7角球', '布莱顿')"
莱斯特,阿森纳,19/11/10 01:30,"(""8'"", '第1角球', '莱斯特')","(""37'"", '第2角球', '莱斯特')","(""38'"", '第3角球', '阿森纳')","(""63'"", '第4角球', '阿森纳')","(""70'"", '第5角球', '阿森纳')","(""73'"", '第6角球', '阿森纳')","(""79'"", '第7角球', '莱斯特')","(""79'"", '第8角球', '莱斯特')","(""80'"", '第9角球', '莱斯特')"
托特纳姆热刺,谢菲尔德联,19/11/09 23:02,"(""3'"", '第1角球', '谢菲尔德联')","(""4'"", '第2角球', '谢菲尔德联')","(""28'"", '第3角球', '托特纳姆热刺')","(""30'"", '第4角球', '谢菲尔德联')","(""30'"", '第5角球', '谢菲尔德联')","(""33'"", '第6角球', '托特纳姆热刺')","(""90+3'"", '第7角球', '托特纳姆热刺')","(""90+3'"", '第8角球', '托特纳姆热刺')"
纽卡斯尔,伯恩茅斯,19/11/09 23:01,"(""14'"", '第1角球', '伯恩茅斯')","(""39'"", '第2角球', '纽卡斯尔')","(""51'"", '第3角球', '纽卡斯尔')","(""59'"", '第4角球', '纽卡斯尔')","(""62'"", '第5角球', '纽卡斯尔')","(""62'"", '第6角球', '纽卡斯尔')","(""72'"", '第7角球', '伯恩茅斯')","(""89'"", '第8角球', '伯恩茅斯')","(""90+5'"", '第9角球', '伯恩茅斯')"
伯恩利,西汉姆,19/11/09 23:01,"(""8'"", '第1角球', '伯恩利')","(""9'"", '第2角球', '伯恩利')","(""10'"", '第3角球', '伯恩利')","(""29'"", '第4角球', '西汉姆')","(""30'"", '第5角球', '伯恩利')","(""34'"", '第6角球', '西汉姆')","(""53'"", '第7角球', '伯恩利')","(""56'"", '第8角球', '西汉姆')","(""59'"", '第9角球', '伯恩利')","(""60'"", '第10角球', '伯恩利')","(""62'"", '第11角球', '伯恩利')","(""71'"", '第12角球', '伯恩利')","(""79'"", '第13角球', '西汉姆')","(""83'"", '第14角球', '伯恩利')","(""90+7'"", '第15角球', '伯恩利')"
南安普顿,埃弗顿,19/11/09 23:00,"(""4'"", '第1角球', '埃弗顿')","(""10'"", '第2角球', '埃弗顿')","(""28'"", '第3角球', '埃弗顿')","(""29'"", '第4角球', '埃弗顿')","(""49'"", '第5角球', '南安普顿')","(""49'"", '第6角球', '南安普顿')","(""55'"", '第7角球', '埃弗顿')","(""62'"", '第8角球', '埃弗顿')","(""66'"", '第9角球', '南安普顿')","(""67'"", '第10角球', '南安普顿')","(""68'"", '第11角球', '南安普顿')","(""72'"", '第12角球', '埃弗顿')","(""78'"", '第13角球', '埃弗顿')","(""80'"", '第14角球', '埃弗顿')"
切尔西,水晶宫,19/11/09 20:30,"(""2'"", '第1角球', '切尔西')","(""9'"", '第2角球', '切尔西')","(""17'"", '第3角球', '切尔西')","(""43'"", '第4角球', '切尔西')","(""59'"", '第5角球', '切尔西')","(""77'"", '第6角球', '切尔西')","(""90+1'"", '第7角球', '切尔西')"
诺维奇,沃特福德,19/11/09 04:01,"(""4'"", '第1角球', '沃特福德')","(""6'"", '第2角球', '诺维奇')","(""17'"", '第3角球', '诺维奇')","(""24'"", '第4角球', '诺维奇')","(""33'"", '第5角球', '沃特福德')","(""45'"", '第6角球', '诺维奇')","(""47'"", '第7角球', '沃特福德')","(""59'"", '第8角球', '诺维奇')","(""63'"", '第9角球', '诺维奇')","(""64'"", '第10角球', '诺维奇')","(""71'"", '第11角球', '诺维奇')","(""74'"", '第12角球', '诺维奇')","(""76'"", '第13角球', '诺维奇')","(""78'"", '第14角球', '沃特福德')"
埃弗顿,托特纳姆热刺,19/11/04 00:31,"(""24'"", '第1角球', '托特纳姆热刺')","(""34'"", '第2角球', '托特纳姆热刺')","(""35'"", '第3角球', '埃弗顿')","(""42'"", '第4角球', '埃弗顿')","(""66'"", '第5角球', '埃弗顿')","(""69'"", '第6角球', '埃弗顿')","(""69'"", '第7角球', '埃弗顿')"
水晶宫,莱斯特,19/11/03 22:00,"(""20'"", '第1角球', '莱斯特')","(""29'"", '第2角球', '莱斯特')","(""30'"", '第3角球', '莱斯特')","(""35'"", '第4角球', '莱斯特')","(""41'"", '第5角球', '水晶宫')","(""41'"", '第6角球', '水晶宫')","(""56'"", '第7角球', '莱斯特')","(""56'"", '第8角球', '莱斯特')","(""70'"", '第9角球', '水晶宫')","(""71'"", '第10角球', '水晶宫')","(""81'"", '第11角球', '水晶宫')"
沃特福德,切尔西,19/11/03 01:30,"(""19'"", '第1角球', '切尔西')","(""19'"", '第2角球', '切尔西')","(""23'"", '第3角球', '切尔西')","(""35'"", '第4角球', '切尔西')","(""39'"", '第5角球', '沃特福德')","(""50'"", '第6角球', '切尔西')","(""70'"", '第7角球', '切尔西')"
曼城,南安普顿,19/11/02 23:01,"(""3'"", '第1角球', '曼城')","(""28'"", '第2角球', '曼城')","(""29'"", '第3角球', '曼城')","(""29'"", '第4角球', '曼城')","(""38'"", '第5角球', '曼城')","(""39'"", '第6角球', '曼城')","(""45+1'"", '第7角球', '曼城')","(""51'"", '第8角球', '曼城')","(""57'"", '第9角球', '曼城')","(""61'"", '第10角球', '曼城')","(""65'"", '第11角球', '曼城')","(""66'"", '第12角球', '曼城')","(""78'"", '第13角球', '曼城')","(""83'"", '第14角球', '曼城')","(""83'"", '第15角球', '曼城')","(""84'"", '第16角球', '曼城')","(""90+1'"", '第17角球', '曼城')"
布莱顿,诺维奇,19/11/02 23:01,"(""3'"", '第1角球', '布莱顿')","(""4'"", '第2角球', '诺维奇')","(""13'"", '第3角球', '布莱顿')","(""17'"", '第4角球', '布莱顿')","(""23'"", '第5角球', '布莱顿')","(""27'"", '第6角球', '布莱顿')","(""45+4'"", '第7角球', '布莱顿')","(""72'"", '第8角球', '诺维奇')","(""72'"", '第9角球', '诺维奇')","(""74'"", '第10角球', '布莱顿')","(""82'"", '第11角球', '布莱顿')"
阿森纳,伍尔弗汉普顿,19/11/02 23:01,"(""5'"", '第1角球', '伍尔弗汉普顿')","(""9'"", '第2角球', '伍尔弗汉普顿')","(""20'"", '第3角球', '阿森纳')","(""29'"", '第4角球', '阿森纳')","(""45'"", '第5角球', '伍尔弗汉普顿')","(""48'"", '第6角球', '伍尔弗汉普顿')","(""49'"", '第7角球', '伍尔弗汉普顿')","(""51'"", '第8角球', '伍尔弗汉普顿')","(""52'"", '第9角球', '伍尔弗汉普顿')","(""61'"", '第10角球', '阿森纳')","(""64'"", '第11角球', '伍尔弗汉普顿')","(""66'"", '第12角球', '阿森纳')","(""68'"", '第13角球', '阿森纳')","(""81'"", '第14角球', '阿森纳')","(""85'"", '第15角球', '伍尔弗汉普顿')","(""86'"", '第16角球', '阿森纳')","(""87'"", '第17角球', '阿森纳')"
西汉姆,纽卡斯尔,19/11/02 23:01,"(""7'"", '第1角球', '纽卡斯尔')","(""10'"", '第2角球', '西汉姆')","(""13'"", '第3角球', '西汉姆')","(""21'"", '第4角球', '纽卡斯尔')","(""25'"", '第5角球', '西汉姆')","(""45'"", '第6角球', '西汉姆')","(""45+1'"", '第7角球', '西汉姆')","(""45+2'"", '第8角球', '纽卡斯尔')","(""65'"", '第9角球', '西汉姆')","(""73'"", '第10角球', '西汉姆')"
阿斯顿维拉,利物浦,19/11/02 23:00,"(""7'"", '第1角球', '利物浦')","(""8'"", '第2角球', '阿斯顿维拉')","(""26'"", '第3角球', '利物浦')","(""26'"", '第4角球', '利物浦')","(""34'"", '第5角球', '利物浦')","(""47'"", '第6角球', '利物浦')","(""58'"", '第7角球', '利物浦')","(""68'"", '第8角球', '利物浦')","(""76'"", '第9角球', '利物浦')","(""81'"", '第10角球', '阿斯顿维拉')","(""90'"", '第11角球', '利物浦')","(""90+4'"", '第12角球', '利物浦')"
谢菲尔德联,伯恩利,19/11/02 23:00,"(""3'"", '第1角球', '伯恩利')","(""5'"", '第2角球', '谢菲尔德联')","(""6'"", '第3角球', '谢菲尔德联')","(""26'"", '第4角球', '伯恩利')","(""45+1'"", '第5角球', '伯恩利')","(""47'"", '第6角球', '谢菲尔德联')","(""53'"", '第7角球', '谢菲尔德联')","(""57'"", '第8角球', '谢菲尔德联')","(""60'"", '第9角球', '伯恩利')","(""66'"", '第10角球', '伯恩利')","(""70'"", '第11角球', '谢菲尔德联')","(""81'"", '第12角球', '谢菲尔德联')","(""86'"", '第13角球', '伯恩利')"
伯恩茅斯,曼联,19/11/02 20:30,"(""16'"", '第1角球', '伯恩茅斯')","(""18'"", '第2角球', '曼联')","(""19'"", '第3角球', '曼联')","(""26'"", '第4角球', '伯恩茅斯')","(""35'"", '第5角球', '曼联')","(""58'"", '第6角球', '曼联')","(""65'"", '第7角球', '伯恩茅斯')","(""69'"", '第8角球', '曼联')","(""75'"", '第9角球', '伯恩茅斯')","(""79'"", '第10角球', '曼联')","(""79'"", '第11角球', '曼联')","(""82'"", '第12角球', '曼联')","(""85'"", '第13角球', '曼联')","(""88'"", '第14角球', '曼联')"
阿森纳,水晶宫,19/10/28 00:31,"(""6'"", '第1角球', '阿森纳')","(""7'"", '第2角球', '阿森纳')","(""8'"", '第3角球', '阿森纳')","(""14'"", '第4角球', '水晶宫')","(""24'"", '第5角球', '阿森纳')","(""24'"", '第6角球', '阿森纳')","(""33'"", '第7角球', '水晶宫')","(""38'"", '第8角球', '阿森纳')","(""40'"", '第9角球', '阿森纳')","(""50'"", '第10角球', '水晶宫')","(""66'"", '第11角球', '阿森纳')","(""80'"", '第12角球', '水晶宫')","(""82'"", '第13角球', '阿森纳')","(""87'"", '第14角球', '阿森纳')","(""89'"", '第15角球', '阿森纳')","(""90+1'"", '第16角球', '水晶宫')","(""90+5'"", '第17角球', '阿森纳')"
诺维奇,曼联,19/10/28 00:30,"(""20'"", '第1角球', '曼联')","(""20'"", '第2角球', '曼联')","(""33'"", '第3角球', '曼联')","(""39'"", '第4角球', '诺维奇')","(""40'"", '第5角球', '曼联')","(""44'"", '第6角球', '曼联')","(""44'"", '第7角球', '曼联')","(""52'"", '第8角球', '曼联')","(""53'"", '第9角球', '曼联')","(""54'"", '第10角球', '曼联')","(""63'"", '第11角球', '曼联')"
利物浦,托特纳姆热刺,19/10/28 00:30,"(""19'"", '第1角球', '利物浦')","(""20'"", '第2角球', '利物浦')","(""27'"", '第3角球', '利物浦')","(""29'"", '第4角球', '利物浦')","(""48'"", '第5角球', '利物浦')","(""69'"", '第6角球', '利物浦')","(""70'"", '第7角球', '利物浦')","(""73'"", '第8角球', '利物浦')","(""78'"", '第9角球', '托特纳姆热刺')","(""81'"", '第10角球', '托特纳姆热刺')","(""90+4'"", '第11角球', '托特纳姆热刺')"
纽卡斯尔,伍尔弗汉普顿,19/10/27 22:00,"(""10'"", '第1角球', '伍尔弗汉普顿')","(""14'"", '第2角球', '伍尔弗汉普顿')","(""31'"", '第3角球', '伍尔弗汉普顿')","(""36'"", '第4角球', '纽卡斯尔')","(""36'"", '第5角球', '纽卡斯尔')","(""49'"", '第6角球', '伍尔弗汉普顿')","(""51'"", '第7角球', '纽卡斯尔')","(""86'"", '第8角球', '伍尔弗汉普顿')","(""88'"", '第9角球', '伍尔弗汉普顿')"
伯恩利,切尔西,19/10/27 00:30,"(""13'"", '第1角球', '伯恩利')","(""13'"", '第2角球', '伯恩利')","(""23'"", '第3角球', '伯恩利')","(""28'"", '第4角球', '切尔西')","(""38'"", '第5角球', '切尔西')","(""47'"", '第6角球', '伯恩利')","(""55'"", '第7角球', '切尔西')","(""69'"", '第8角球', '切尔西')","(""72'"", '第9角球', '切尔西')","(""73'"", '第10角球', '切尔西')","(""90'"", '第11角球', '伯恩利')"
布莱顿,埃弗顿,19/10/26 22:00,"(""19'"", '第1角球', '埃弗顿')","(""43'"", '第2角球', '埃弗顿')","(""51'"", '第3角球', '埃弗顿')","(""51'"", '第4角球', '埃弗顿')","(""54'"", '第5角球', '埃弗顿')"
西汉姆,谢菲尔德联,19/10/26 22:00,"(""3'"", '第1角球', '西汉姆')","(""10'"", '第2角球', '西汉姆')","(""11'"", '第3角球', '西汉姆')","(""21'"", '第4角球', '西汉姆')","(""22'"", '第5角球', '西汉姆')","(""25'"", '第6角球', '西汉姆')","(""28'"", '第7角球', '谢菲尔德联')","(""30'"", '第8角球', '西汉姆')","(""42'"", '第9角球', '谢菲尔德联')","(""47'"", '第10角球', '西汉姆')","(""74'"", '第11角球', '西汉姆')","(""86'"", '第12角球', '西汉姆')","(""90'"", '第13角球', '谢菲尔德联')","(""90'"", '第14角球', '谢菲尔德联')"
沃特福德,伯恩茅斯,19/10/26 22:00,"(""4'"", '第1角球', '沃特福德')","(""15'"", '第2角球', '伯恩茅斯')","(""17'"", '第3角球', '伯恩茅斯')","(""18'"", '第4角球', '伯恩茅斯')","(""22'"", '第5角球', '伯恩茅斯')","(""31'"", '第6角球', '伯恩茅斯')","(""45'"", '第7角球', '伯恩茅斯')","(""48'"", '第8角球', '沃特福德')","(""60'"", '第9角球', '伯恩茅斯')","(""65'"", '第10角球', '沃特福德')","(""66'"", '第11角球', '沃特福德')","(""74'"", '第12角球', '沃特福德')","(""77'"", '第13角球', '伯恩茅斯')","(""85'"", '第14角球', '伯恩茅斯')","(""90+2'"", '第15角球', '伯恩茅斯')"
曼城,阿斯顿维拉,19/10/26 19:30,"(""3'"", '第1角球', '阿斯顿维拉')","(""4'"", '第2角球', '曼城')","(""7'"", '第3角球', '曼城')","(""16'"", '第4角球', '阿斯顿维拉')","(""20'"", '第5角球', '曼城')","(""24'"", '第6角球', '阿斯顿维拉')","(""25'"", '第7角球', '曼城')","(""25'"", '第8角球', '曼城')","(""35'"", '第9角球', '阿斯顿维拉')","(""39'"", '第10角球', '曼城')","(""53'"", '第11角球', '曼城')","(""54'"", '第12角球', '曼城')","(""56'"", '第13角球', '曼城')","(""65'"", '第14角球', '曼城')","(""70'"", '第15角球', '曼城')","(""74'"", '第16角球', '阿斯顿维拉')","(""75'"", '第17角球', '阿斯顿维拉')","(""85'"", '第18角球', '阿斯顿维拉')","(""87'"", '第19角球', '曼城')","(""90+1'"", '第20角球', '曼城')"
南安普顿,莱斯特,19/10/26 03:00,"(""23'"", '第1角球', '莱斯特')","(""45+2'"", '第2角球', '莱斯特')","(""48'"", '第3角球', '莱斯特')","(""64'"", '第4角球', '莱斯特')","(""70'"", '第5角球', '南安普顿')","(""73'"", '第6角球', '莱斯特')","(""77'"", '第7角球', '南安普顿')","(""87'"", '第8角球', '莱斯特')","(""90'"", '第9角球', '莱斯特')"
谢菲尔德联,阿森纳,19/10/22 03:00,"(""2'"", '第1角球', '谢菲尔德联')","(""3'"", '第2角球', '谢菲尔德联')","(""6'"", '第3角球', '阿森纳')","(""6'"", '第4角球', '阿森纳')","(""6'"", '第5角球', '阿森纳')","(""14'"", '第6角球', '谢菲尔德联')","(""20'"", '第7角球', '谢菲尔德联')","(""24'"", '第8角球', '谢菲尔德联')","(""30'"", '第9角球', '谢菲尔德联')","(""35'"", '第10角球', '阿森纳')","(""44'"", '第11角球', '阿森纳')","(""45+1'"", '第12角球', '阿森纳')","(""46'"", '第13角球', '阿森纳')","(""65'"", '第14角球', '阿森纳')","(""70'"", '第15角球', '阿森纳')","(""83'"", '第16角球', '阿森纳')","(""87'"", '第17角球', '谢菲尔德联')","(""89'"", '第18角球', '阿森纳')","(""90+1'"", '第19角球', '阿森纳')"
曼联,利物浦,19/10/20 23:30,"(""22'"", '第1角球', '曼联')","(""45+1'"", '第2角球', '曼联')","(""90+3'"", '第3角球', '曼联')","(""90+6'"", '第4角球', '利物浦')"
水晶宫,曼城,19/10/20 00:30,"(""11'"", '第1角球', '曼城')","(""16'"", '第2角球', '曼城')","(""37'"", '第3角球', '曼城')","(""44'"", '第4角球', '曼城')","(""54'"", '第5角球', '曼城')","(""73'"", '第6角球', '曼城')","(""76'"", '第7角球', '水晶宫')","(""77'"", '第8角球', '曼城')","(""86'"", '第9角球', '曼城')"
阿斯顿维拉,布莱顿,19/10/19 22:00
莱斯特,伯恩利,19/10/19 22:00,"(""3'"", '第1角球', '莱斯特')","(""12'"", '第2角球', '伯恩利')","(""18'"", '第3角球', '莱斯特')","(""21'"", '第4角球', '莱斯特')","(""24'"", '第5角球', '莱斯特')","(""30'"", '第6角球', '莱斯特')","(""31'"", '第7角球', '莱斯特')","(""35'"", '第8角球', '伯恩利')","(""38'"", '第9角球', '伯恩利')","(""50'"", '第10角球', '莱斯特')","(""56'"", '第11角球', '莱斯特')","(""70'"", '第12角球', '莱斯特')","(""90'"", '第13角球', '伯恩利')"
托特纳姆热刺,沃特福德,19/10/19 22:00,"(""14'"", '第1角球', '沃特福德')","(""16'"", '第2角球', '托特纳姆热刺')","(""49'"", '第3角球', '沃特福德')","(""65'"", '第4角球', '托特纳姆热刺')","(""66'"", '第5角球', '托特纳姆热刺')","(""75'"", '第6角球', '托特纳姆热刺')","(""75'"", '第7角球', '托特纳姆热刺')","(""76'"", '第8角球', '托特纳姆热刺')","(""78'"", '第9角球', '托特纳姆热刺')","(""78'"", '第10角球', '托特纳姆热刺')","(""81'"", '第11角球', '托特纳姆热刺')","(""81'"", '第12角球', '托特纳姆热刺')","(""89'"", '第13角球', '托特纳姆热刺')"
切尔西,纽卡斯尔,19/10/19 22:00,"(""37'"", '第1角球', '切尔西')","(""41'"", '第2角球', '切尔西')","(""41'"", '第3角球', '切尔西')","(""53'"", '第4角球', '切尔西')","(""55'"", '第5角球', '切尔西')","(""56'"", '第6角球', '切尔西')","(""59'"", '第7角球', '切尔西')","(""66'"", '第8角球', '切尔西')","(""68'"", '第9角球', '切尔西')","(""80'"", '第10角球', '切尔西')","(""83'"", '第11角球', '切尔西')"
伯恩茅斯,诺维奇,19/10/19 22:00,"(""4'"", '第1角球', '伯恩茅斯')","(""7'"", '第2角球', '伯恩茅斯')","(""9'"", '第3角球', '诺维奇')","(""11'"", '第4角球', '伯恩茅斯')","(""16'"", '第5角球', '诺维奇')","(""16'"", '第6角球', '诺维奇')","(""22'"", '第7角球', '伯恩茅斯')","(""55'"", '第8角球', '诺维奇')","(""60'"", '第9角球', '诺维奇')","(""66'"", '第10角球', '诺维奇')","(""85'"", '第11角球', '伯恩茅斯')","(""89'"", '第12角球', '伯恩茅斯')","(""90+3'"", '第13角球', '诺维奇')"
伍尔弗汉普顿,南安普顿,19/10/19 22:00,"(""31'"", '第1角球', '南安普顿')","(""65'"", '第2角球', '伍尔弗汉普顿')","(""88'"", '第3角球', '南安普顿')","(""90+1'"", '第4角球', '南安普顿')"
埃弗顿,西汉姆,19/10/19 19:30,"(""6'"", '第1角球', '埃弗顿')","(""8'"", '第2角球', '埃弗顿')","(""8'"", '第3角球', '埃弗顿')","(""10'"", '第4角球', '埃弗顿')","(""20'"", '第5角球', '埃弗顿')","(""19'"", '第6角球', '埃弗顿')","(""53'"", '第7角球', '埃弗顿')","(""62'"", '第8角球', '埃弗顿')","(""76'"", '第9角球', '埃弗顿')","(""78'"", '第10角球', '埃弗顿')","(""81'"", '第11角球', '埃弗顿')","(""83'"", '第12角球', '西汉姆')","(""84'"", '第13角球', '西汉姆')"
