link,name,price
/cq/7278fce41fbc246ax.htm#fr_page=list&fr_pos=city&fr_no=0,长安 逸动 2014款 1.6L 手动豪华型,3.24
/cq/4e5b2d12d03a023fx.htm#fr_page=list&fr_pos=city&fr_no=1,福特 翼搏 2013款 1.5L 自动风尚型,5.13
/cq/1d09bd638e92a48dx.htm#fr_page=list&fr_pos=city&fr_no=2,大众CC 2016款 1.8TSI 豪华型,15.80
/cq/60b0db0ef275c07cx.htm#fr_page=list&fr_pos=city&fr_no=3,长安 悦翔V7 2016款 1.6L 自动乐享型 国V,4.89
/cq/b43565b20aee3191x.htm#fr_page=list&fr_pos=city&fr_no=4,凯翼C3 2016款 1.5L 自动虹钻版,3.26
/cq/f06994c69ff109b4x.htm#fr_page=list&fr_pos=city&fr_no=5,丰田 雷凌 2017款 1.2T G CVT精英版,7.91
/cq/98205f5ecef578e7x.htm#fr_page=list&fr_pos=city&fr_no=6,吉利 远景SUV 2018款 1.8L 手动4G互联豪华型,5.77
/cq/04545a9d0feb3f9bx.htm#fr_page=list&fr_pos=city&fr_no=7,大众 桑塔纳 2016款 1.6L 自动风尚版,6.40
/cq/8318619a0f912940x.htm#fr_page=list&fr_pos=city&fr_no=8,起亚KX CROSS 2017款 1.4L MT GLS,5.19
/cq/763fb5c70fe44766x.htm#fr_page=list&fr_pos=city&fr_no=9,日产 奇骏 2014款 2.5L CVT领先版 4WD,11.91
/cq/5481e31868cfd3cdx.htm#fr_page=list&fr_pos=city&fr_no=10,大众 朗逸 2017款 1.6L 自动舒适版,10.33
/cq/504ab6a8d3832917x.htm#fr_page=list&fr_pos=city&fr_no=11,大众 帕萨特 2019款 380TSI 豪华版 国VI,18.42
/cq/c9d311a655b37e36x.htm#fr_page=list&fr_pos=city&fr_no=12,大众 途观L 2017款 330TSI 自动两驱豪华版,16.35
/cq/fd794923fc33c2e0x.htm#fr_page=list&fr_pos=city&fr_no=13,福特 福克斯 2015款 两厢 1.6L 自动舒适型,6.39
/cq/f1f8d5093c97fe2dx.htm#fr_page=list&fr_pos=city&fr_no=14,现代 名图 2014款 1.8L 自动智能型GLS,8.36
/cq/f01a133bb58913aax.htm#fr_page=list&fr_pos=city&fr_no=15,众泰Z560 2017款 1.5T CVT尊贵型,5.40
/cq/b2bb85d888466aadx.htm#fr_page=list&fr_pos=city&fr_no=16,长安 逸动 2018款 高能版 1.6L GDI 自动先锋型 国V,6.68
/cq/bc4e1cb796f2a80dx.htm#fr_page=list&fr_pos=city&fr_no=17,众泰 大迈X5 2017款 超值版 1.6L 手动舒适型,3.66
/cq/20f8531191a10e52x.htm#fr_page=list&fr_pos=city&fr_no=18,启辰T70 2015款 2.0L CVT睿趣版,6.38
/cq/92c03342208012e0x.htm#fr_page=list&fr_pos=city&fr_no=19,奇瑞 艾瑞泽5 2017款 1.5L 手动领潮版,3.89
/cq/311abe134cfbb58ex.htm#fr_page=list&fr_pos=city&fr_no=20,大众 宝来 2016款 1.6L 自动舒适型,7.43
/cq/ade0dec99478c61cx.htm#fr_page=list&fr_pos=city&fr_no=21,宝骏360 2018款 1.5L 手动豪华型 国V,5.35
/cq/a09949383aa3f53cx.htm#fr_page=list&fr_pos=city&fr_no=22,雷克萨斯RX经典 2013款 270 精英版,21.28
/cq/c43f5bfc0c4cae8ax.htm#fr_page=list&fr_pos=city&fr_no=23,别克 昂科威 2017款 20T 两驱豪华型,12.26
/cq/3434bf247d203637x.htm#fr_page=list&fr_pos=city&fr_no=24,吉利 帝豪GS 2016款 运动版 1.3T 自动臻尚型,6.85
/cq/5dac9dce329c2f37x.htm#fr_page=list&fr_pos=city&fr_no=25,标致408 2014款 1.8L 自动豪华版,6.98
/cq/58ee0b194b662ae7x.htm#fr_page=list&fr_pos=city&fr_no=26,日产 蓝鸟 2016款 1.6L CVT智酷版,7.15
/cq/91a43080d81af7f6x.htm#fr_page=list&fr_pos=city&fr_no=27,别克GL8 2011款 2.4L CT舒适版,6.31
/cq/f8a00cb175663ba4x.htm#fr_page=list&fr_pos=city&fr_no=28,起亚K5 2014款 2.0L 自动GLS,8.52
/cq/257dca2adfdd0c5cx.htm#fr_page=list&fr_pos=city&fr_no=29,福特 福克斯 2011款 三厢 1.8L 自动时尚型,3.72
/cq/f86249c8d5a7b30bx.htm#fr_page=list&fr_pos=city&fr_no=30,福特 福克斯 2013款 两厢经典 1.8L 手动基本型,3.43
/cq/06c9065fc8215fc0x.htm#fr_page=list&fr_pos=city&fr_no=31,起亚K2 2017款 三厢 1.4L AT GLS,5.77
/cq/7ae7d12d7dac2764x.htm#fr_page=list&fr_pos=city&fr_no=32,日产 蓝鸟 2016款 1.6L CVT智酷版,8.56
/cq/e81212eec2e496dax.htm#fr_page=list&fr_pos=city&fr_no=33,大众 捷达 2019款 梦想版 1.5L 自动时尚型,6.22
/cq/933e86aa579e401dx.htm#fr_page=list&fr_pos=city&fr_no=34,福特 福克斯 2013款 两厢经典 1.8L 手动百万纪念版,3.95
/cq/1687dd60024f6dc9x.htm#fr_page=list&fr_pos=city&fr_no=35,长安CS75 2014款 2.0L 手动豪华型 国IV,4.92
/cq/0a01b19e0ead2939x.htm#fr_page=list&fr_pos=city&fr_no=36,大众 桑塔纳 2019款 1.5L 自动风尚版 国VI,6.85
/cq/7cb03d77fbb189a1x.htm#fr_page=list&fr_pos=city&fr_no=37,长安欧尚 2019款 1.5L欧诺S经济型(非空调)国VIJL473QG,3.97
/cq/f0df6fbbe9d48faax.htm#fr_page=list&fr_pos=city&fr_no=38,大众 高尔夫 2016款 230TSI 自动豪华型,9.01
/cq/6890854abad2fefcx.htm#fr_page=list&fr_pos=city&fr_no=39,长安CS75 2014款 1.8T 自动尊贵型 国IV,6.40
/cq/bb8b9533a3638915x.htm#fr_page=list&fr_pos=city&fr_no=0,奥迪Q5 2013款 40 TFSI 技术型,17.02
/cq/69879bfc0058ad68x.htm#fr_page=list&fr_pos=city&fr_no=1,宝骏560 2016款 1.8L iAMT豪华型,5.85
/cq/b51dde1977e79ad8x.htm#fr_page=list&fr_pos=city&fr_no=2,长安 逸动 2015款 1.6L 自动豪华型,4.84
/cq/7520e8b1fc9d808ex.htm#fr_page=list&fr_pos=city&fr_no=3,福特 福克斯 2015款 两厢 1.6L 自动风尚型,6.14
/cq/2181f82512ebaa9dx.htm#fr_page=list&fr_pos=city&fr_no=4,福特 福克斯 2012款 两厢 1.6L 自动风尚型,4.84
/cq/90e50062f50d7dbex.htm#fr_page=list&fr_pos=city&fr_no=5,日产 阳光 2011款 1.5XL 手动豪华版,3.33
/cq/4d6cd6fb792b33c4x.htm#fr_page=list&fr_pos=city&fr_no=6,长安欧尚 2019款 1.5L欧诺S经济型(非空调)国VIJL473QG,3.97
/cq/91737b09f61db434x.htm#fr_page=list&fr_pos=city&fr_no=7,陆风X7 2015款 2.0T 全景旗舰版,5.81
/cq/04477dc2986c9084x.htm#fr_page=list&fr_pos=city&fr_no=8,福特 福克斯 2014款 两厢经典 1.8L 自动酷白典藏版,5.01
/cq/e04e01df07a3bbecx.htm#fr_page=list&fr_pos=city&fr_no=9,雪佛兰 2015款 赛欧3 1.5L 手动理想天窗版,3.63
/cq/3521b47967879f8cx.htm#fr_page=list&fr_pos=city&fr_no=10,日产 奇骏 2014款 2.0L CVT舒适版 2WD,11.02
/cq/3e3349529544c44fx.htm#fr_page=list&fr_pos=city&fr_no=11,现代 朗动 2015款 1.6L 自动尊贵型,6.78
/cq/ea1d9442093f5ac8x.htm#fr_page=list&fr_pos=city&fr_no=12,宝马5系 2014款 525Li 领先型,21.30
/cq/4d0c43e6afe3308ax.htm#fr_page=list&fr_pos=city&fr_no=13,日产 奇骏 2014款 2.0L CVT舒适版 2WD,11.80
/cq/bd3ee8252cb5d4e5x.htm#fr_page=list&fr_pos=city&fr_no=14,长安 悦翔V7 2016款 1.6L 手动乐享型 国V,3.65
/cq/dd89b274d352842ax.htm#fr_page=list&fr_pos=city&fr_no=15,斯柯达 速派 2016款 TSI280 DSG前行版,12.75
/cq/06caa65fdf8f456bx.htm#fr_page=list&fr_pos=city&fr_no=16,现代 瑞纳 2017款 1.4L 手动焕新版 国V,4.19
/cq/56a133212fc0c5e8x.htm#fr_page=list&fr_pos=city&fr_no=17,长安CS55 2019款 1.5T 自动炫动型 国VI,8.93
/cq/63ef11694ef34ed2x.htm#fr_page=list&fr_pos=city&fr_no=18,宝骏310 2017款 1.5L 手动豪华型,3.26
/cq/0bdfb70ad2230fecx.htm#fr_page=list&fr_pos=city&fr_no=19,丰田 YARiS L 致炫 2014款 1.5G 自动炫动版,4.92
/cq/15821c89cbb3f992x.htm#fr_page=list&fr_pos=city&fr_no=20,马自达 昂克赛拉 2016款 三厢 1.5L 自动舒适型,7.91
/cq/e128ef247980392ex.htm#fr_page=list&fr_pos=city&fr_no=21,丰田 YARiS L 致炫 2014款 1.5G 自动炫动版,5.01
/cq/6ca83d984174f233x.htm#fr_page=list&fr_pos=city&fr_no=22,福特 福克斯 2017款 两厢 1.6L 自动舒适型智行版,6.20
/cq/83734049b5d157a1x.htm#fr_page=list&fr_pos=city&fr_no=23,大众 高尔夫 2016款 230TSI 自动豪华型,9.39
/cq/9f123e4b6e7721abx.htm#fr_page=list&fr_pos=city&fr_no=24,长安CS75 2016款 1.8T 自动精英型 国V,6.38
/cq/e2e55eaa5ba4f5bfx.htm#fr_page=list&fr_pos=city&fr_no=25,大众 捷达 2019款 梦想版 1.5L 自动时尚型,6.12
/cq/6fb67763a1626aa7x.htm#fr_page=list&fr_pos=city&fr_no=26,现代 悦动 2018款 1.6L 自动悦目版GL 国V,6.78
/cq/8fe6bd6ca27100eax.htm#fr_page=list&fr_pos=city&fr_no=27,福特 翼虎 2015款 1.5L GTDi 两驱风尚型,8.87
/cq/f42d89e8a897f382x.htm#fr_page=list&fr_pos=city&fr_no=28,雪佛兰 科帕奇 2014款 2.4L 四驱旗舰版 7座,6.58
/cq/226a15978ef39152x.htm#fr_page=list&fr_pos=city&fr_no=29,长安CS35 2015款 1.6L 自动豪华型 国IV,4.19
/cq/7add30c96c116069x.htm#fr_page=list&fr_pos=city&fr_no=30,现代 朗动 2015款 1.6L 自动领先型,6.50
/cq/7fbdfd5fe25cbae0x.htm#fr_page=list&fr_pos=city&fr_no=31,宝骏310 2016款 1.2L 手动舒适型,2.98
/cq/6fca63f3e20038d4x.htm#fr_page=list&fr_pos=city&fr_no=32,丰田 威驰 2017款 1.5L CVT创行版,6.48
/cq/c5b1e5bf0a8aca55x.htm#fr_page=list&fr_pos=city&fr_no=33,福特 福克斯 2018款 两厢经典 1.6L 自动风尚型智行版,8.00
/cq/67627ad1c1e82290x.htm#fr_page=list&fr_pos=city&fr_no=34,双龙 柯兰多 2015款 2.0L 两驱自动致纯版,6.40
/cq/169908278f789b85x.htm#fr_page=list&fr_pos=city&fr_no=35,日产 轩逸 2016款 1.6XL 手动豪华版,6.40
/cq/88b6ae6ae1f21500x.htm#fr_page=list&fr_pos=city&fr_no=36,福特 福睿斯 2015款 1.5L 自动时尚型,5.21
/cq/988c86eb445264dax.htm#fr_page=list&fr_pos=city&fr_no=37,奇瑞 瑞虎3X 2017款 1.5L 自动时尚版,4.59
/cq/a55b24158fc43897x.htm#fr_page=list&fr_pos=city&fr_no=38,吉利 帝豪 2017款 三厢百万款 1.5L CVT向上互联版,5.29
/cq/a7061c101061e460x.htm#fr_page=list&fr_pos=city&fr_no=39,现代 领动 2016款 1.6L 自动智炫·豪华型,8.26
/cq/819f941035a9ca97x.htm#fr_page=list&fr_pos=city&fr_no=0,大众 途观 2015款 1.8TSI 自动两驱豪华型,12.91
/cq/44b80b5d8226ef1ax.htm#fr_page=list&fr_pos=city&fr_no=1,本田XR-V 2017款 1.8L EXi CVT舒适版,12.36
/cq/3e8f2c263619a35fx.htm#fr_page=list&fr_pos=city&fr_no=2,现代 悦动 2011款 1.6L 自动舒适型,4.56
/cq/3e9e7cd06a8d50eex.htm#fr_page=list&fr_pos=city&fr_no=3,长安CS35 PLUS 2018款 1.6L 自动畅联版 国V,7.68
/cq/fe85eac76b60eda1x.htm#fr_page=list&fr_pos=city&fr_no=4,大众 T-ROC探歌 2019款 280TSI DSG两驱R-Line Pro,14.61
/cq/4d1476835e571bbax.htm#fr_page=list&fr_pos=city&fr_no=5,本田 飞度 2018款 1.5L 手动舒适版,5.93
/cq/2a4aa64951af5be7x.htm#fr_page=list&fr_pos=city&fr_no=6,大众POLO 2016款 1.4L 手动风尚型,4.38
/cq/a2bdb7abb502533dx.htm#fr_page=list&fr_pos=city&fr_no=7,马自达 昂克赛拉 2017款 三厢 2.0L 自动尊贵型 国V,9.94
/cq/0257191cf183cc5fx.htm#fr_page=list&fr_pos=city&fr_no=8,奔驰GLA级 2015款 GLA 200 时尚型,15.63
/cq/f37256208132968ax.htm#fr_page=list&fr_pos=city&fr_no=9,克莱斯勒300C 2016款 3.0L 超越版(进口),24.44
/cq/a38f55957b6e88dcx.htm#fr_page=list&fr_pos=city&fr_no=10,哈弗H6 2018款 红标 运动版 1.5T 自动两驱精英型,7.44
/cq/359d255c3eefd772x.htm#fr_page=list&fr_pos=city&fr_no=11,本田 缤智 2017款 1.8L CVT两驱先锋型,11.80
/cq/e9637170c693e9a8x.htm#fr_page=list&fr_pos=city&fr_no=12,日产 轩逸 2018款 1.6XV CVT尊享版,9.40
/cq/486b35c964697ed4x.htm#fr_page=list&fr_pos=city&fr_no=13,福特 福克斯 2012款 两厢 1.6L 自动风尚型,5.94
/cq/d98614fa38570422x.htm#fr_page=list&fr_pos=city&fr_no=14,福特 福克斯 2017款 两厢 EcoBoost 180 自动精英型,8.37
/cq/6db8507d58a5784ax.htm#fr_page=list&fr_pos=city&fr_no=15,现代 全新胜达 2013款 改款 2.4L 自动四驱尊贵型,11.05
/cq/586b0edeabac30e1x.htm#fr_page=list&fr_pos=city&fr_no=16,雪佛兰 迈锐宝 2017款 1.5T 自动豪华版,8.64
/cq/faf2c8be8664db85x.htm#fr_page=list&fr_pos=city&fr_no=17,MG5 2012款 1.5L 自动精英版,4.08
/cq/5c0a265df9443a7bx.htm#fr_page=list&fr_pos=city&fr_no=18,传祺GA6 2016款 235T DCT豪华版,6.50
/cq/8c46de65196aa1e9x.htm#fr_page=list&fr_pos=city&fr_no=19,雪佛兰 创酷 2016款 1.4T 自动两驱舒适天窗版,6.05
/cq/d4591b26b6362d90x.htm#fr_page=list&fr_pos=city&fr_no=20,丰田 卡罗拉 2014款 1.6L CVT GL-i,8.54
/cq/7d58045d5e5f5c97x.htm#fr_page=list&fr_pos=city&fr_no=21,大众 速腾 2018款 280TSI DSG熠动版,10.70
/cq/982c86cadb388d18x.htm#fr_page=list&fr_pos=city&fr_no=22,大众POLO 2012款 1.6L Cross POLO AT,5.19
/cq/f5290dfb8ec07c20x.htm#fr_page=list&fr_pos=city&fr_no=23,日产 蓝鸟 2016款 1.6L CVT智酷版,7.19
/cq/0e8a576a958a1451x.htm#fr_page=list&fr_pos=city&fr_no=24,宝马X1 2014款 xDrive28i X设计套装,15.96
/cq/014e2670dda7aa8fx.htm#fr_page=list&fr_pos=city&fr_no=25,丰田C-HR 2018款 2.0L 领先特别版,12.04
/cq/b261b02d22dc6d87x.htm#fr_page=list&fr_pos=city&fr_no=26,丰田 RAV4 2013款 特享版 2.0L 自动精英,9.29
/cq/c4ea475303af193fx.htm#fr_page=list&fr_pos=city&fr_no=27,起亚K4 2015款 1.8L 自动DLX Special,8.08
/cq/508cae12c48c41d7x.htm#fr_page=list&fr_pos=city&fr_no=28,吉利 帝豪 2017款 三厢百万款 1.5L CVT向上版,5.21
/cq/20111ef656648899x.htm#fr_page=list&fr_pos=city&fr_no=29,日产 奇骏 2014款 2.0L CVT舒适版 2WD,10.59
/cq/b8a4326984987483x.htm#fr_page=list&fr_pos=city&fr_no=30,丰田 卡罗拉 2017款 1.2T 手动GL,7.07
/cq/bcdd362e6cb26a46x.htm#fr_page=list&fr_pos=city&fr_no=31,大众 宝来 2016款 1.6L 自动舒适型,7.71
/cq/61ba4cba04a163efx.htm#fr_page=list&fr_pos=city&fr_no=32,本田 冠道 2017款 240TURBO 两驱舒享版,20.63
/cq/4332924e07c3c3d1x.htm#fr_page=list&fr_pos=city&fr_no=33,Jeep 指南者 2017款 200T 自动悦享版,11.15
/cq/3ab0695f507b1aa9x.htm#fr_page=list&fr_pos=city&fr_no=34,马自达CX-4 2018款 2.0L 自动两驱蓝天品位升级版 国V,12.45
/cq/c9d2d40b0cb3d109x.htm#fr_page=list&fr_pos=city&fr_no=35,标致308 2018款 1.6L 自动豪华版,7.13
/cq/4bb09da6b246a614x.htm#fr_page=list&fr_pos=city&fr_no=36,日产 奇骏 2014款 2.0L CVT舒适版 2WD,13.92
/cq/cfaf84c0c0d768c9x.htm#fr_page=list&fr_pos=city&fr_no=37,本田 飞度 2014款 1.5L SE CVT时尚型,5.10
/cq/7c8f2274fdc15532x.htm#fr_page=list&fr_pos=city&fr_no=38,长安CS55 2017款 1.5T 自动炫动型,7.61
/cq/7d9135fa51761559x.htm#fr_page=list&fr_pos=city&fr_no=39,长安CS75 2017款 尚酷版 1.5T 自动锋悦型,6.94
/weifang/2b054fbcd1e17e51x.htm#fr_page=list&fr_pos=city&fr_no=0,别克 英朗 2015款 15N 自动进取型,6.38
/bj/840d8309176cf291x.htm#fr_page=list&fr_pos=city&fr_no=1,大众 迈腾 2011款 1.4TSI 精英型,4.38
/su/36f1cf4fc0698c7ex.htm#fr_page=list&fr_pos=city&fr_no=2,大众 桑塔纳 2016款 1.6L 自动风尚版,6.21
/fz/a8f911de5bad8b85x.htm#fr_page=list&fr_pos=city&fr_no=3,宝马3系 2010款 318i 领先型,6.19
/bj/de80b11647f61783x.htm#fr_page=list&fr_pos=city&fr_no=4,起亚K5 2016款 1.6T 自动LUX,10.61
/km/ee95627aa2b73b64x.htm#fr_page=list&fr_pos=city&fr_no=5,日产 轩逸 2016款 1.6XL CVT豪华版,7.91
/bj/85cc7cbb2e81fa08x.htm#fr_page=list&fr_pos=city&fr_no=6,Jeep 指南者 2012款 2.0L 两驱豪华版(进口),6.98
/sh/d9444dd640814db2x.htm#fr_page=list&fr_pos=city&fr_no=7,大众 帕萨特 2011款 1.8TSI DSG尊荣版,7.61
/xuzhou/9db79e17d7e8b5f1x.htm#fr_page=list&fr_pos=city&fr_no=8,别克 昂科拉 2013款 1.4T 自动两驱精英型,5.16
/tj/dba7e88949d93350x.htm#fr_page=list&fr_pos=city&fr_no=9,哈弗H2 2014款 1.5T 手动两驱精英版,4.47
/weifang/c16cac274bdf6ad2x.htm#fr_page=list&fr_pos=city&fr_no=10,奥迪A4L 2011款 2.0 TFSI 舒适型,9.90
/liuzhou/1c374541cc938bb2x.htm#fr_page=list&fr_pos=city&fr_no=11,别克 君越 2016款 20T 精英型,13.38
/puyang/c0103fceb63fb017x.htm#fr_page=list&fr_pos=city&fr_no=12,福特 福睿斯 2015款 1.5L 手动时尚型,5.10
/bj/af1ad04c8ec2c760x.htm#fr_page=list&fr_pos=city&fr_no=13,丰田 汉兰达 2011款 2.7L 两驱7座至尊版,12.00
/tangshan/68b184343b7e0ae0x.htm#fr_page=list&fr_pos=city&fr_no=14,奔驰C级 2010款 C 200 CGI 优雅型,8.19
/jilin/055440a596d3b4b6x.htm#fr_page=list&fr_pos=city&fr_no=15,别克 英朗 2010款 GT 1.6L 手动进取版,3.45
/cd/744f3e55a781fc12x.htm#fr_page=list&fr_pos=city&fr_no=16,大众 桑塔纳 2013款 1.6L 自动风尚版,4.17
/qd/df711d5663e368fdx.htm#fr_page=list&fr_pos=city&fr_no=17,现代 全新胜达 2013款 2.4L 自动两驱智能型,10.25
/wx/53019004435d827ex.htm#fr_page=list&fr_pos=city&fr_no=18,雪佛兰 迈锐宝 2014款 2.0L 自动舒适版,7.05
/sh/f4611d07ce92426ex.htm#fr_page=list&fr_pos=city&fr_no=19,大众 高尔夫 2016款 230TSI 自动豪华型,9.30
/km/5e61839748f5f11ex.htm#fr_page=list&fr_pos=city&fr_no=20,大众 朗逸 2013款 改款 1.4TSI DSG舒适版,6.96
/baoding/69cbd8e1dd37a2b7x.htm#fr_page=list&fr_pos=city&fr_no=21,福特 福睿斯 2015款 1.5L 手动舒适型,4.47
/bj/849136ab839cff72x.htm#fr_page=list&fr_pos=city&fr_no=22,别克GL8 2013款 3.0L XT豪华商务旗舰版,12.65
/jn/17193c0eb48ec386x.htm#fr_page=list&fr_pos=city&fr_no=23,丰田 汉兰达 2011款 2.7L 两驱7座豪华版,12.63
/su/5c6a8e0a8733bc8ex.htm#fr_page=list&fr_pos=city&fr_no=24,别克 英朗 2010款 GT 1.6L 自动时尚版,3.91
/sz/948a5a882535b917x.htm#fr_page=list&fr_pos=city&fr_no=25,雪佛兰 迈锐宝 2014款 2.4L 自动豪华版,8.19
/km/8209b292d9e02656x.htm#fr_page=list&fr_pos=city&fr_no=26,日产 轩逸 2016款 1.6XL CVT豪华版,8.73
/cd/37c7f034e161d15fx.htm#fr_page=list&fr_pos=city&fr_no=27,大众 宝来 2013款 1.6L 自动舒适型,6.12
/yc/60d2cf31715e54fdx.htm#fr_page=list&fr_pos=city&fr_no=28,大众 高尔夫 2012款 1.6 自动舒适型,5.96
/ty/560a2078f5c74cd1x.htm#fr_page=list&fr_pos=city&fr_no=29,现代 悦动 2011款 1.6L 自动豪华型,4.05
/su/242ceebea66a0cddx.htm#fr_page=list&fr_pos=city&fr_no=30,雪佛兰 科鲁兹 2013款 1.8L SE AT,4.45
/bj/b7fd1fd47066278bx.htm#fr_page=list&fr_pos=city&fr_no=31,雪佛兰 科帕奇 2014款 2.4L 四驱旗舰版 7座,7.91
/gy/97918a435acdb718x.htm#fr_page=list&fr_pos=city&fr_no=32,菲亚特 菲翔 2015款 1.4T 自动劲享版,6.50
/sz/affaef670242942cx.htm#fr_page=list&fr_pos=city&fr_no=33,吉利 博越 2016款 1.8TD 自动智尊型,7.26
/dezhou/249f85485dc6ffbdx.htm#fr_page=list&fr_pos=city&fr_no=34,大众 途观 2012款 2.0TSI 自动四驱旗舰版,8.73
/weifang/e25267e9ec3cc585x.htm#fr_page=list&fr_pos=city&fr_no=35,本田 飞度 2016款 1.5L LX CVT舒适型,7.20
/xuzhou/61b0ad541c82939cx.htm#fr_page=list&fr_pos=city&fr_no=36,哈弗H6 Coupe 2015款 蓝标 2.0T 自动两驱尊贵型,6.94
/gy/faffcc30eacd84b7x.htm#fr_page=list&fr_pos=city&fr_no=37,雪佛兰 迈锐宝 2012款 2.0L 自动舒适版,5.75
/cd/315a461a554d5b06x.htm#fr_page=list&fr_pos=city&fr_no=38,福特 福克斯 2018款 三厢经典 1.6L 自动舒适型智行版,7.80
/cq/ede5c2395c31e998x.htm#fr_page=list&fr_pos=city&fr_no=39,别克 凯越 2008款 1.6LE-MTNavi,2.82
/sh/ee536531c054ee39x.htm#fr_page=list&fr_pos=city&fr_no=0,福特 锐界 2015款 2.7T GTDi 四驱尊锐型 7座,18.60
/jinhua/931fe270c04853abx.htm#fr_page=list&fr_pos=city&fr_no=1,福特 福克斯 2015款 两厢 EcoBoost 125 自动超能风尚型,6.12
/nj/f412161cd813229dx.htm#fr_page=list&fr_pos=city&fr_no=2,别克GL8 2014款 2.4L 经典版,9.73
/cq/270c9eb902572e52x.htm#fr_page=list&fr_pos=city&fr_no=3,现代 全新胜达 2013款 2.4L 自动两驱智能型,8.45
/wx/8e9ed99f5eedc86dx.htm#fr_page=list&fr_pos=city&fr_no=4,现代 朗动 2016款 1.6L 自动尊贵型,8.47
/ty/3ef168fa7b9cc185x.htm#fr_page=list&fr_pos=city&fr_no=5,奥迪A3 2012款 Sportback 1.4T 豪华型(进口),8.91
/su/9f878397d4cc81d4x.htm#fr_page=list&fr_pos=city&fr_no=6,现代 悦动 2017款 1.6L 自动悦心版DLX,7.71
/puyang/3f5c844f3c05c1c3x.htm#fr_page=list&fr_pos=city&fr_no=7,起亚KX3 2015款 1.6T 自动两驱DLX,6.38
/ty/af43757c1320d70fx.htm#fr_page=list&fr_pos=city&fr_no=8,大众 速腾 2014款 改款 1.4TSI 自动豪华型,7.89
/hf/1e47a6aa466a81d3x.htm#fr_page=list&fr_pos=city&fr_no=9,别克 威朗 2019款 三厢 15S 自动进取型,8.28
/tj/236d169dd7aff9a0x.htm#fr_page=list&fr_pos=city&fr_no=10,别克 英朗 2013款 GT 1.6L 手动进取版,3.63
/weifang/0b9c853601c6d36fx.htm#fr_page=list&fr_pos=city&fr_no=11,东风风神AX7 2015款 2.0L 手动智逸型,5.20
/liuzhou/b719264c12cb19bcx.htm#fr_page=list&fr_pos=city&fr_no=12,宝骏630 2013款 1.5L 手动舒适型,2.79
/qd/14fa13705e7cdb7ax.htm#fr_page=list&fr_pos=city&fr_no=13,陆风X5 2016款 Plus 1.5T 手动创享版,4.80
/gz/fd398cc590420c5bx.htm#fr_page=list&fr_pos=city&fr_no=14,丰田 卡罗拉 2017款 改款双擎 1.8L E-CVT领先版,10.51
/jiaxing/c8f859eab6142c27x.htm#fr_page=list&fr_pos=city&fr_no=15,雪佛兰 迈锐宝 2012款 2.0L 自动豪华版,5.85
/zjtaizhou/cd9e65d4ba1d3ae2x.htm#fr_page=list&fr_pos=city&fr_no=16,现代 瑞纳 2014款 1.4L 自动智能型GLS,3.89
/bj/dc0973e8b048eee5x.htm#fr_page=list&fr_pos=city&fr_no=17,大众 桑塔纳 2016款 1.6L 自动风尚版,5.40
/tj/2cd011d956d90476x.htm#fr_page=list&fr_pos=city&fr_no=18,Jeep 自由光 2015款 2.4L 精英版(进口),12.62
/bj/a633c090dbf8beb1x.htm#fr_page=list&fr_pos=city&fr_no=19,大众 甲壳虫 2014款 1.2TSI 时尚型(进口),10.23
/quanzhou/a234697e810b6f26x.htm#fr_page=list&fr_pos=city&fr_no=20,传祺GS4 2015款 200T 手动精英版,5.39
/yuncheng/04b9e615ddcca46fx.htm#fr_page=list&fr_pos=city&fr_no=21,大众 桑塔纳 2013款 1.6L 手动风尚版,4.13
/bj/a329b6dfaf8f50abx.htm#fr_page=list&fr_pos=city&fr_no=22,大众CC 2015款 2.0TSI 至尊型,14.42
/xinxiang/f4cb5f077999dd37x.htm#fr_page=list&fr_pos=city&fr_no=23,大众 捷达 2015款 1.4L 手动舒适型,4.52
/tj/2b0544bf4bf9093fx.htm#fr_page=list&fr_pos=city&fr_no=24,大众 捷达 2013款 1.4L 手动时尚型,4.00
/sz/285a700759b90d74x.htm#fr_page=list&fr_pos=city&fr_no=25,现代 名图 2017款 1.8L 自动智能型GLS 国V,9.86
/dl/2465cf48bd3eb6cex.htm#fr_page=list&fr_pos=city&fr_no=26,福特 蒙迪欧-致胜 2011款 2.3L 时尚型,6.00
/jiaxing/cac7554c6e3bd464x.htm#fr_page=list&fr_pos=city&fr_no=27,马自达 昂克赛拉 2017款 三厢 1.5L 自动豪华型 国V,9.84
/nj/76600cdc0b97ed2ax.htm#fr_page=list&fr_pos=city&fr_no=28,现代 朗动 2012款 1.6L 自动时尚型,4.93
/jiaxing/370b2356cfc1b0b9x.htm#fr_page=list&fr_pos=city&fr_no=29,凯迪拉克ATS-L 2016款 28T 时尚型,15.42
/cc/6a45fc339b3aecc7x.htm#fr_page=list&fr_pos=city&fr_no=30,本田XR-V 2015款 1.8L EXi  CVT舒适版,10.59
/hf/f98400fdc277aefex.htm#fr_page=list&fr_pos=city&fr_no=31,别克 英朗 2014款 XT 1.6L 自动时尚版,4.92
/luoyang/25517d51c389985cx.htm#fr_page=list&fr_pos=city&fr_no=32,别克 昂科威 2016款 20T 两驱领先型,11.72
/jn/24e03de7c27ebf57x.htm#fr_page=list&fr_pos=city&fr_no=33,吉利 远景X1 2017款 1.3L 自动玩家版,4.45
/nj/7bd6e363b12e7781x.htm#fr_page=list&fr_pos=city&fr_no=34,福特 锐界 2012款 2.0T 精锐天窗版(进口),11.63
/zz/fe469ee4b8190913x.htm#fr_page=list&fr_pos=city&fr_no=35,奔驰E级 2015款 改款 E 260 L 运动型,24.37
/baotou/24a49ea5e7b0c86ax.htm#fr_page=list&fr_pos=city&fr_no=36,大众 高尔夫 2011款 1.4TSI 自动舒适型,5.68
/cs/7c986d2f34ac8b34x.htm#fr_page=list&fr_pos=city&fr_no=37,长安CS35 2017款 1.6L 自动豪华型,4.89
/qd/fa81a66f1a31f7e2x.htm#fr_page=list&fr_pos=city&fr_no=38,雪佛兰 科鲁兹 2015款 1.5L 自动豪华版,6.12
/tangshan/6a69a89f171d3111x.htm#fr_page=list&fr_pos=city&fr_no=39,现代ix35 2012款 2.0L 自动两驱新锐版GL,6.50
